,Unnamed: 0,Date,Bulletin,Obs Code,Residual RA,Residual Dec,Num,Magnitude,Magnitude Obs Code,Obs Code Agreement,Diagonal Residual
20,20,1/7/2022,2022-A62 ,654,0.4,0.1,23,21.8,654,True,0.4123105625617661
25,25,1/7/2022,2022-A62 ,654,0.3,0.2,28,21.5,654,True,0.3605551275463989
26,26,1/7/2022,2022-A62 ,654,0.1,0.1,29,20.5,654,True,0.1414213562373095
38,38,1/13/2022,2022-A171,654,0.2,0.1,13,20.9,654,True,0.223606797749979
39,39,1/13/2022,2022-A171,654,0.1,0.2,14,20.9,654,True,0.223606797749979
40,40,1/13/2022,2022-A171,654,0.3,0.3,15,18.4,654,True,0.4242640687119285
41,41,1/13/2022,2022-A171,654,1.8,1.0,16,18.4,654,True,2.0591260281974
42,42,1/13/2022,2022-A171,568,0.0,0.0,17,20.64,568,True,0.0
43,43,1/13/2022,2022-A171,568,0.0,0.0,19,20.55,568,True,0.0
62,62,1/13/2022,2022-A173,654,0.0,0.1,12,20.6,654,True,0.1
63,63,1/13/2022,2022-A173,654,0.1,0.1,13,20.6,654,True,0.1414213562373095
64,64,1/13/2022,2022-A173,654,0.0,0.1,14,21.1,654,True,0.1
65,65,1/13/2022,2022-A173,654,0.2,0.1,15,21.1,654,True,0.223606797749979
98,98,1/21/2022,2022-B09 ,654,0.1,0.0,29,19.0,654,True,0.1
99,99,1/21/2022,2022-B09 ,654,0.0,0.0,30,18.8,654,True,0.0
100,100,1/21/2022,2022-B09 ,654,0.1,0.0,31,18.8,654,True,0.1
187,187,1/25/2022,2022-B34 ,654,0.1,0.0,58,19.1,654,True,0.1
191,191,1/25/2022,2022-B34 ,654,0.0,0.0,62,19.4,654,True,0.0
192,192,1/25/2022,2022-B34 ,654,0.1,0.0,63,19.1,654,True,0.1
225,225,1/25/2022,2022-B35 ,654,0.1,0.0,26,20.5,654,True,0.1
226,226,1/25/2022,2022-B35 ,654,0.1,0.3,27,20.4,654,True,0.3162277660168379
227,227,1/25/2022,2022-B35 ,654,0.1,0.2,28,20.7,654,True,0.223606797749979
286,286,1/26/2022,2022-B39 ,654,0.1,0.2,30,20.4,654,True,0.223606797749979
287,287,1/26/2022,2022-B39 ,654,0.0,0.0,31,20.4,654,True,0.0
288,288,1/26/2022,2022-B39 ,654,0.3,0.2,32,20.4,654,True,0.3605551275463989
289,289,1/26/2022,2022-B39 ,654,0.1,0.3,33,20.4,654,True,0.3162277660168379
304,304,1/26/2022,2022-B52 ,654,0.1,0.1,15,20.8,654,True,0.1414213562373095
305,305,1/26/2022,2022-B52 ,654,0.1,0.0,16,20.7,654,True,0.1
306,306,1/26/2022,2022-B52 ,654,0.0,0.1,17,21.0,654,True,0.1
318,318,1/27/2022,2022-B56 ,654,0.1,0.0,13,21.0,654,True,0.1
319,319,1/27/2022,2022-B56 ,654,0.1,0.1,14,20.9,654,True,0.1414213562373095
320,320,1/27/2022,2022-B56 ,654,0.2,0.1,15,20.8,654,True,0.223606797749979
349,349,1/27/2022,2022-B71 ,654,0.2,0.1,21,20.6,654,True,0.223606797749979
350,350,1/27/2022,2022-B71 ,654,0.0,0.1,22,20.6,654,True,0.1
351,351,1/27/2022,2022-B71 ,654,0.1,0.0,23,20.7,654,True,0.1
370,370,1/29/2022,2022-B120,654,0.1,0.2,19,20.2,654,True,0.223606797749979
371,371,1/29/2022,2022-B120,654,0.0,0.1,20,20.7,654,True,0.1
373,373,1/29/2022,2022-B120,654,0.1,0.1,22,20.2,654,True,0.1414213562373095
411,411,2/2/2022,2022-C20 ,654,0.1,0.1,33,19.7,654,True,0.1414213562373095
412,412,2/2/2022,2022-C20 ,654,0.2,0.0,34,19.7,654,True,0.2
413,413,2/2/2022,2022-C20 ,654,0.1,0.1,35,19.5,654,True,0.1414213562373095
426,426,2/2/2022,2022-C27 ,654,0.2,0.1,15,19.9,654,True,0.223606797749979
427,427,2/2/2022,2022-C27 ,654,0.1,0.1,16,20.0,654,True,0.1414213562373095
428,428,2/2/2022,2022-C27 ,654,0.0,0.1,17,19.6,654,True,0.1
446,446,2/2/2022,2022-C29 ,654,0.0,0.1,17,20.6,654,True,0.1
447,447,2/2/2022,2022-C29 ,654,0.2,0.1,18,20.6,654,True,0.223606797749979
483,483,2/4/2022,2022-C61 ,654,0.0,0.0,35,19.3,654,True,0.0
487,487,2/4/2022,2022-C61 ,654,0.0,0.0,39,19.2,654,True,0.0
489,489,2/4/2022,2022-C61 ,654,0.0,0.1,41,19.3,654,True,0.1
514,514,2/4/2022,2022-C62 ,654,0.0,0.1,28,18.3,654,True,0.1
515,515,2/4/2022,2022-C62 ,654,0.0,0.1,29,18.6,654,True,0.1
543,543,2/4/2022,2022-C63 ,654,0.1,0.1,24,19.8,654,True,0.1414213562373095
544,544,2/4/2022,2022-C63 ,654,0.0,0.1,25,19.8,654,True,0.1
545,545,2/4/2022,2022-C63 ,654,0.0,0.2,26,19.7,654,True,0.2
556,556,2/4/2022,2022-C65 ,654,0.1,0.0,11,20.5,654,True,0.1
557,557,2/4/2022,2022-C65 ,654,0.0,0.1,12,20.6,654,True,0.1
558,558,2/4/2022,2022-C65 ,568,0.0,0.0,13,20.59,568,True,0.0
559,559,2/4/2022,2022-C65 ,568,0.0,0.1,14,20.67,568,True,0.1
560,560,2/4/2022,2022-C65 ,568,0.0,0.0,15,20.73,568,True,0.0
561,561,2/4/2022,2022-C65 ,568,0.0,0.1,16,20.74,568,True,0.1
562,562,2/4/2022,2022-C65 ,654,0.1,0.1,17,20.4,654,True,0.1414213562373095
571,571,2/4/2022,2022-C66 ,654,0.1,0.1,9,20.7,654,True,0.1414213562373095
572,572,2/4/2022,2022-C66 ,568,0.1,0.0,10,20.33,568,True,0.1
573,573,2/4/2022,2022-C66 ,568,0.0,0.0,11,20.26,568,True,0.0
574,574,2/4/2022,2022-C66 ,568,0.0,0.1,12,20.31,568,True,0.1
575,575,2/4/2022,2022-C66 ,568,0.0,0.0,13,20.38,568,True,0.0
576,576,2/4/2022,2022-C66 ,568,0.0,0.0,14,20.41,568,True,0.0
577,577,2/4/2022,2022-C66 ,568,0.1,0.0,15,20.4,568,True,0.1
578,578,2/4/2022,2022-C66 ,654,0.0,0.1,16,20.6,654,True,0.1
579,579,2/4/2022,2022-C66 ,654,0.1,0.1,17,20.8,654,True,0.1414213562373095
600,600,2/5/2022,2022-C77 ,654,0.1,0.0,28,20.0,654,True,0.1
617,617,2/5/2022,2022-C83 ,654,0.1,0.1,20,19.8,654,True,0.1414213562373095
618,618,2/5/2022,2022-C83 ,654,0.1,0.0,21,19.8,654,True,0.1
635,635,2/5/2022,2022-C87 ,654,0.2,0.0,14,20.6,654,True,0.2
642,642,2/5/2022,2022-C87 ,654,0.2,0.1,22,20.7,654,True,0.223606797749979
643,643,2/5/2022,2022-C87 ,654,0.1,0.0,23,20.6,654,True,0.1
644,644,2/5/2022,2022-C87 ,568,0.0,0.0,24,20.55,568,True,0.0
645,645,2/5/2022,2022-C87 ,568,0.1,0.0,25,20.55,568,True,0.1
646,646,2/5/2022,2022-C87 ,568,0.1,0.0,26,20.58,568,True,0.1
694,694,2/6/2022,2022-C97 ,654,0.1,0.0,48,19.2,654,True,0.1
695,695,2/6/2022,2022-C97 ,654,0.1,0.0,49,19.4,654,True,0.1
696,696,2/6/2022,2022-C97 ,654,0.0,0.1,50,19.3,654,True,0.1
723,723,2/6/2022,2022-C107,654,0.1,0.1,27,20.2,654,True,0.1414213562373095
724,724,2/6/2022,2022-C107,654,0.0,0.0,28,19.8,654,True,0.0
725,725,2/6/2022,2022-C107,654,0.1,0.2,29,20.5,654,True,0.223606797749979
757,757,2/6/2022,2022-C118,654,0.0,0.2,29,19.9,654,True,0.2
758,758,2/6/2022,2022-C118,654,0.0,0.1,30,19.6,654,True,0.1
763,763,2/6/2022,2022-C118,654,0.0,0.2,35,19.6,654,True,0.2
776,776,2/7/2022,2022-C126,654,0.2,0.2,13,20.9,654,True,0.282842712474619
777,777,2/7/2022,2022-C126,654,0.1,0.1,14,20.7,654,True,0.1414213562373095
782,782,2/7/2022,2022-C126,654,0.0,0.1,19,21.2,654,True,0.1
807,807,2/9/2022,2022-C173,568,0.0,0.0,21,21.57,568,True,0.0
808,808,2/9/2022,2022-C173,568,0.0,0.0,22,21.76,568,True,0.0
809,809,2/9/2022,2022-C173,568,0.0,0.0,23,21.72,568,True,0.0
812,812,2/9/2022,2022-C173,654,0.0,0.1,26,21.5,654,True,0.1
814,814,2/9/2022,2022-C173,654,0.0,0.0,28,21.3,654,True,0.0
818,818,2/9/2022,2022-C173,654,0.0,0.0,32,21.6,654,True,0.0
833,833,2/9/2022,2022-C178,654,0.0,0.3,15,21.2,654,True,0.3
834,834,2/9/2022,2022-C178,654,0.1,0.2,16,21.4,654,True,0.223606797749979
835,835,2/9/2022,2022-C178,654,0.1,0.2,17,21.0,654,True,0.223606797749979
847,847,2/9/2022,2022-C187,654,0.1,0.0,13,19.7,654,True,0.1
848,848,2/9/2022,2022-C187,654,0.1,0.2,14,20.4,654,True,0.223606797749979
849,849,2/9/2022,2022-C187,654,0.1,0.1,15,20.2,654,True,0.1414213562373095
887,887,2/10/2022,2022-C192,654,0.1,0.0,24,20.4,654,True,0.1
888,888,2/10/2022,2022-C192,654,0.0,0.0,25,20.8,654,True,0.0
889,889,2/10/2022,2022-C192,654,0.5,0.1,26,20.7,654,True,0.5099019513592785
904,904,2/10/2022,2022-C196,654,0.1,0.3,15,18.7,654,True,0.3162277660168379
905,905,2/10/2022,2022-C196,654,0.3,0.1,16,18.6,654,True,0.3162277660168379
906,906,2/10/2022,2022-C196,654,0.1,0.2,17,18.3,654,True,0.223606797749979
938,938,2/11/2022,2022-C207,654,0.0,0.2,29,17.9,654,True,0.2
939,939,2/11/2022,2022-C207,654,0.0,0.2,30,17.9,654,True,0.2
940,940,2/11/2022,2022-C207,654,0.0,0.2,31,18.1,654,True,0.2
966,966,2/12/2022,2022-C215,654,0.1,0.2,18,21.1,654,True,0.223606797749979
967,967,2/12/2022,2022-C215,654,0.0,0.2,19,21.5,654,True,0.2
968,968,2/12/2022,2022-C215,654,0.0,0.2,20,21.1,654,True,0.2
981,981,2/12/2022,2022-C221,654,0.0,0.1,11,20.3,654,True,0.1
982,982,2/12/2022,2022-C221,654,0.1,0.0,12,20.1,654,True,0.1
983,983,2/12/2022,2022-C221,654,0.1,0.0,13,20.2,654,True,0.1
1021,1021,2/27/2022,2022-D101,654,0.0,0.1,33,20.5,654,True,0.1
1022,1022,2/27/2022,2022-D101,654,0.0,0.1,34,20.7,654,True,0.1
1023,1023,2/27/2022,2022-D101,654,0.0,0.1,35,20.4,654,True,0.1
1102,1102,2/28/2022,2022-D125,654,0.1,0.0,79,19.1,654,True,0.1
1107,1107,2/28/2022,2022-D125,654,0.0,0.0,84,19.1,654,True,0.0
1108,1108,2/28/2022,2022-D125,654,0.1,0.0,85,19.0,654,True,0.1
1162,1162,3/1/2022,2022-E16 ,654,0.0,0.0,32,21.4,654,True,0.0
1163,1163,3/1/2022,2022-E16 ,654,0.3,0.0,33,20.9,654,True,0.3
1164,1164,3/1/2022,2022-E16 ,654,0.2,0.0,34,21.4,654,True,0.2
1174,1174,3/2/2022,2022-E36 ,568,0.1,0.2,6,18.71,568,True,0.223606797749979
1175,1175,3/2/2022,2022-E36 ,568,0.1,0.3,7,19.71,568,True,0.3162277660168379
1176,1176,3/2/2022,2022-E36 ,568,0.0,0.0,8,18.73,568,True,0.0
1228,1228,3/2/2022,2022-E36 ,654,0.0,0.1,62,19.0,654,True,0.1
1229,1229,3/2/2022,2022-E36 ,654,0.0,0.1,63,18.9,654,True,0.1
1230,1230,3/2/2022,2022-E36 ,654,0.1,0.1,64,18.5,654,True,0.1414213562373095
1299,1299,3/2/2022,2022-E41 ,654,0.3,0.0,65,17.3,654,True,0.3
1300,1300,3/2/2022,2022-E41 ,654,0.3,0.0,66,17.3,654,True,0.3
1301,1301,3/2/2022,2022-E41 ,654,0.3,0.0,67,17.3,654,True,0.3
1330,1330,3/2/2022,2022-E45 ,654,0.1,0.1,21,20.9,654,True,0.1414213562373095
1331,1331,3/2/2022,2022-E45 ,654,0.0,0.1,22,20.9,654,True,0.1
1332,1332,3/2/2022,2022-E45 ,654,0.1,0.0,23,20.9,654,True,0.1
1353,1353,3/4/2022,2022-E78 ,654,0.0,0.1,22,20.6,654,True,0.1
1354,1354,3/4/2022,2022-E78 ,654,0.0,0.1,23,20.8,654,True,0.1
1355,1355,3/4/2022,2022-E78 ,654,0.0,0.1,24,20.7,654,True,0.1
1389,1389,3/8/2022,2022-E123,654,0.1,0.1,23,19.3,654,True,0.1414213562373095
1390,1390,3/8/2022,2022-E123,654,0.0,0.0,24,19.4,654,True,0.0
1391,1391,3/8/2022,2022-E123,654,0.1,0.1,25,19.2,654,True,0.1414213562373095
1443,1443,3/12/2022,2022-E183,654,0.2,0.2,21,19.9,654,True,0.282842712474619
1444,1444,3/12/2022,2022-E183,654,0.2,0.1,22,20.4,654,True,0.223606797749979
1448,1448,3/12/2022,2022-E183,654,0.3,0.1,26,19.9,654,True,0.3162277660168379
1452,1452,3/12/2022,2022-E184,654,0.2,0.0,4,20.2,654,True,0.2
1456,1456,3/12/2022,2022-E184,654,0.0,0.1,9,20.3,654,True,0.1
1460,1460,3/12/2022,2022-E184,654,0.2,0.0,13,20.2,654,True,0.2
1476,1476,3/12/2022,2022-E197,654,0.2,0.1,10,20.7,654,True,0.223606797749979
1477,1477,3/12/2022,2022-E197,654,0.1,0.0,11,20.8,654,True,0.1
1530,1530,3/13/2022,2022-E200,654,0.1,0.1,51,20.9,654,True,0.1414213562373095
1531,1531,3/13/2022,2022-E200,654,0.0,0.2,52,21.4,654,True,0.2
1532,1532,3/13/2022,2022-E200,654,0.1,0.5,53,21.9,654,True,0.5099019513592785
1545,1545,3/23/2022,2022-F23 ,654,0.1,0.1,13,18.8,654,True,0.1414213562373095
1546,1546,3/23/2022,2022-F23 ,654,0.1,0.0,14,18.8,654,True,0.1
1551,1551,3/23/2022,2022-F23 ,654,0.3,0.0,19,18.9,654,True,0.3
1571,1571,3/24/2022,2022-F31 ,654,0.1,0.2,13,19.6,654,True,0.223606797749979
1572,1572,3/24/2022,2022-F31 ,654,0.1,0.1,14,19.2,654,True,0.1414213562373095
1573,1573,3/24/2022,2022-F31 ,654,0.1,0.1,15,19.3,654,True,0.1414213562373095
1655,1655,3/27/2022,2022-F78 ,654,0.1,0.0,35,21.2,654,True,0.1
1656,1656,3/27/2022,2022-F78 ,654,0.1,0.0,36,20.9,654,True,0.1
1698,1698,3/27/2022,2022-F83 ,654,0.1,0.0,40,19.2,654,True,0.1
1700,1700,3/27/2022,2022-F83 ,654,0.1,0.1,42,19.2,654,True,0.1414213562373095
1734,1734,3/27/2022,2022-F98 ,654,1.2,0.1,17,20.7,654,True,1.2041594578792296
1739,1739,3/27/2022,2022-F98 ,654,0.3,0.0,22,20.8,654,True,0.3
1740,1740,3/27/2022,2022-F98 ,654,0.1,0.1,23,20.9,654,True,0.1414213562373095
1761,1761,4/2/2022,2022-G08 ,654,0.0,0.0,23,20.5,654,True,0.0
1762,1762,4/2/2022,2022-G08 ,654,0.1,0.1,24,20.2,654,True,0.1414213562373095
1763,1763,4/2/2022,2022-G08 ,654,0.0,0.0,25,20.2,654,True,0.0
1795,1795,4/2/2022,2022-G27 ,654,0.1,0.0,26,18.2,654,True,0.1
1796,1796,4/2/2022,2022-G27 ,654,0.1,0.0,27,18.3,654,True,0.1
1797,1797,4/2/2022,2022-G27 ,654,0.1,0.0,28,18.3,654,True,0.1
1827,1827,4/2/2022,2022-G31 ,654,0.0,0.2,20,18.4,654,True,0.2
1829,1829,4/2/2022,2022-G31 ,654,0.0,0.2,23,18.4,654,True,0.2
1833,1833,4/2/2022,2022-G31 ,654,0.0,0.2,27,18.3,654,True,0.2
1872,1872,4/4/2022,2022-G60 ,654,0.1,0.2,19,20.7,654,True,0.223606797749979
1873,1873,4/4/2022,2022-G60 ,654,0.0,0.1,21,20.8,654,True,0.1
1878,1878,4/4/2022,2022-G60 ,654,0.2,0.2,26,20.8,654,True,0.282842712474619
1903,1903,4/4/2022,2022-G65 ,654,0.3,0.1,26,20.1,654,True,0.3162277660168379
1904,1904,4/4/2022,2022-G65 ,654,0.6,0.4,27,20.1,654,True,0.7211102550927979
1905,1905,4/4/2022,2022-G65 ,654,0.5,0.1,28,20.9,654,True,0.5099019513592785
1941,1941,4/5/2022,2022-G69 ,654,0.1,0.0,36,20.2,654,True,0.1
1942,1942,4/5/2022,2022-G69 ,654,0.1,0.1,37,20.3,654,True,0.1414213562373095
1946,1946,4/5/2022,2022-G69 ,654,0.4,0.1,41,20.4,654,True,0.4123105625617661
1977,1977,4/5/2022,2022-G77 ,654,0.1,0.4,33,20.5,654,True,0.4123105625617661
1978,1978,4/5/2022,2022-G77 ,654,0.2,0.1,34,20.1,654,True,0.223606797749979
1979,1979,4/5/2022,2022-G77 ,654,0.1,0.1,35,20.6,654,True,0.1414213562373095
2015,2015,4/9/2022,2022-G131,654,0.1,0.1,34,19.7,654,True,0.1414213562373095
2016,2016,4/9/2022,2022-G131,654,0.1,0.1,35,19.6,654,True,0.1414213562373095
2017,2017,4/9/2022,2022-G131,654,0.1,0.1,36,19.6,654,True,0.1414213562373095
2018,2018,4/9/2022,2022-G131,568,0.0,0.1,37,19.62,568,True,0.1
2019,2019,4/9/2022,2022-G131,568,0.0,0.1,38,19.69,568,True,0.1
2020,2020,4/9/2022,2022-G131,568,0.0,0.0,39,19.62,568,True,0.0
2029,2029,4/9/2022,2022-G131,654,0.0,0.0,56,19.5,654,True,0.0
2030,2030,4/9/2022,2022-G131,654,0.1,0.1,57,19.6,654,True,0.1414213562373095
2041,2041,4/9/2022,2022-G136,568,0.0,0.0,8,21.22,568,True,0.0
2042,2042,4/9/2022,2022-G136,568,0.1,0.0,9,21.02,568,True,0.1
2043,2043,4/9/2022,2022-G136,568,0.1,0.0,10,21.35,568,True,0.1
2051,2051,4/9/2022,2022-G136,654,0.2,0.0,18,20.9,654,True,0.2
2052,2052,4/9/2022,2022-G136,654,0.0,0.0,19,20.8,654,True,0.0
2053,2053,4/9/2022,2022-G136,654,0.1,0.0,20,20.7,654,True,0.1
2074,2074,4/10/2022,2022-G160,654,0.1,0.2,23,20.0,654,True,0.223606797749979
2075,2075,4/10/2022,2022-G160,654,0.0,0.1,24,20.4,654,True,0.1
2076,2076,4/10/2022,2022-G160,654,0.1,0.1,25,20.1,654,True,0.1414213562373095
2077,2077,4/10/2022,2022-G160,568,0.0,0.1,26,20.41,568,True,0.1
2078,2078,4/10/2022,2022-G160,568,0.0,0.0,27,20.34,568,True,0.0
2079,2079,4/10/2022,2022-G160,568,0.2,0.1,28,20.26,568,True,0.223606797749979
2096,2096,4/11/2022,2022-G162,654,0.0,0.1,14,20.6,654,True,0.1
2097,2097,4/11/2022,2022-G162,654,0.1,0.2,15,20.6,654,True,0.223606797749979
2098,2098,4/11/2022,2022-G162,654,0.0,0.0,16,20.9,654,True,0.0
2099,2099,4/11/2022,2022-G162,654,0.1,0.1,17,20.9,654,True,0.1414213562373095
2131,2131,4/24/2022,2022-H45 ,654,0.2,0.2,24,20.1,654,True,0.282842712474619
2132,2132,4/24/2022,2022-H45 ,654,0.1,0.1,25,20.4,654,True,0.1414213562373095
2133,2133,4/24/2022,2022-H45 ,654,0.1,0.0,26,20.4,654,True,0.1
2155,2155,4/24/2022,2022-H47 ,654,0.1,0.2,16,20.7,654,True,0.223606797749979
2158,2158,4/24/2022,2022-H47 ,654,0.0,0.0,19,20.6,654,True,0.0
2162,2162,4/24/2022,2022-H47 ,654,0.1,0.1,23,20.7,654,True,0.1414213562373095
2193,2193,4/25/2022,2022-H52 ,654,0.1,0.1,33,20.0,654,True,0.1414213562373095
2194,2194,4/25/2022,2022-H52 ,654,0.3,0.0,34,20.2,654,True,0.3
2206,2206,4/25/2022,2022-H57 ,654,0.1,0.2,12,21.2,654,True,0.223606797749979
2207,2207,4/25/2022,2022-H57 ,654,0.0,0.2,13,21.2,654,True,0.2
2211,2211,4/25/2022,2022-H57 ,654,0.1,0.2,17,21.4,654,True,0.223606797749979
2239,2239,4/25/2022,2022-H58 ,654,0.1,0.1,30,19.4,654,True,0.1414213562373095
2243,2243,4/25/2022,2022-H58 ,654,0.1,0.0,34,19.3,654,True,0.1
2244,2244,4/25/2022,2022-H58 ,654,0.1,0.1,35,19.4,654,True,0.1414213562373095
2265,2265,4/29/2022,2022-H115,654,0.0,0.1,21,20.8,654,True,0.1
2266,2266,4/29/2022,2022-H115,654,0.3,0.1,22,20.8,654,True,0.3162277660168379
2267,2267,4/29/2022,2022-H115,654,0.1,0.1,23,20.8,654,True,0.1414213562373095
2283,2283,4/30/2022,2022-H126,654,0.1,0.1,18,20.1,654,True,0.1414213562373095
2284,2284,4/30/2022,2022-H126,654,0.0,0.0,19,19.9,654,True,0.0
2299,2299,4/30/2022,2022-H132,654,0.0,0.0,17,20.5,654,True,0.0
2300,2300,4/30/2022,2022-H132,654,0.1,0.0,18,20.5,654,True,0.1
2311,2311,5/2/2022,2022-J11 ,654,0.1,0.0,8,20.1,654,True,0.1
2312,2312,5/2/2022,2022-J11 ,654,0.3,0.1,9,20.3,654,True,0.3162277660168379
2317,2317,5/2/2022,2022-J11 ,654,0.1,0.0,14,20.0,654,True,0.1
2340,2340,5/2/2022,2022-J13 ,654,0.1,0.0,20,18.3,654,True,0.1
2345,2345,5/2/2022,2022-J13 ,654,0.1,0.0,25,18.3,654,True,0.1
2346,2346,5/2/2022,2022-J13 ,654,0.2,0.0,26,18.4,654,True,0.2
2373,2373,5/2/2022,2022-J15 ,654,0.1,0.0,27,20.2,654,True,0.1
2374,2374,5/2/2022,2022-J15 ,654,0.1,0.0,28,20.1,654,True,0.1
2375,2375,5/2/2022,2022-J15 ,654,0.0,0.0,29,19.9,654,True,0.0
2394,2394,5/4/2022,2022-J32 ,654,0.1,0.0,21,20.5,654,True,0.1
2395,2395,5/4/2022,2022-J32 ,654,0.1,0.0,22,20.5,654,True,0.1
2396,2396,5/4/2022,2022-J32 ,654,0.1,0.1,23,20.5,654,True,0.1414213562373095
2415,2415,5/5/2022,2022-J34 ,654,0.1,0.2,13,19.9,654,True,0.223606797749979
2416,2416,5/5/2022,2022-J34 ,654,0.1,0.0,15,19.7,654,True,0.1
2422,2422,5/5/2022,2022-J34 ,654,0.0,0.2,21,20.0,654,True,0.2
2452,2452,5/7/2022,2022-J48 ,654,0.2,0.1,11,20.3,654,True,0.223606797749979
2456,2456,5/7/2022,2022-J48 ,654,0.1,0.0,15,20.5,654,True,0.1
2457,2457,5/7/2022,2022-J48 ,654,0.3,0.1,16,20.6,654,True,0.3162277660168379
2482,2482,5/8/2022,2022-J56 ,654,0.3,0.1,22,19.8,654,True,0.3162277660168379
2483,2483,5/8/2022,2022-J56 ,654,0.2,0.2,23,19.6,654,True,0.282842712474619
2484,2484,5/8/2022,2022-J56 ,654,0.1,0.2,24,19.6,654,True,0.223606797749979
2542,2542,5/8/2022,2022-J59 ,654,0.1,0.1,18,21.2,654,True,0.1414213562373095
2543,2543,5/8/2022,2022-J59 ,654,0.5,0.7,19,21.3,654,True,0.8602325267042626
2565,2565,5/23/2022,2022-K46 ,654,0.1,0.1,21,20.5,654,True,0.1414213562373095
2566,2566,5/23/2022,2022-K46 ,654,0.0,0.0,22,20.6,654,True,0.0
2570,2570,5/23/2022,2022-K46 ,654,0.6,0.5,26,20.5,654,True,0.7810249675906654
2588,2588,5/23/2022,2022-K51 ,654,0.1,0.1,18,20.7,654,True,0.1414213562373095
2589,2589,5/23/2022,2022-K51 ,654,0.1,0.3,19,20.6,654,True,0.3162277660168379
2590,2590,5/23/2022,2022-K51 ,654,0.0,0.1,20,20.5,654,True,0.1
2632,2632,5/25/2022,2022-K86 ,654,0.1,0.0,42,18.6,654,True,0.1
2635,2635,5/25/2022,2022-K86 ,654,0.0,0.0,45,18.2,654,True,0.0
2638,2638,5/25/2022,2022-K86 ,654,0.1,0.0,48,18.8,654,True,0.1
2662,2662,5/25/2022,2022-K89 ,568,0.1,0.0,24,20.2,568,True,0.1
2663,2663,5/25/2022,2022-K89 ,568,0.1,0.0,25,19.94,568,True,0.1
2664,2664,5/25/2022,2022-K89 ,568,0.1,0.0,26,19.92,568,True,0.1
2665,2665,5/25/2022,2022-K89 ,568,0.1,0.1,27,20.09,568,True,0.1414213562373095
2666,2666,5/25/2022,2022-K89 ,568,0.1,0.0,28,20.05,568,True,0.1
2667,2667,5/25/2022,2022-K89 ,568,0.1,0.0,29,20.18,568,True,0.1
2668,2668,5/25/2022,2022-K89 ,654,0.1,0.1,30,20.3,654,True,0.1414213562373095
2669,2669,5/25/2022,2022-K89 ,654,0.0,0.2,31,20.3,654,True,0.2
2670,2670,5/25/2022,2022-K89 ,654,0.0,0.1,32,20.2,654,True,0.1
2701,2701,5/27/2022,2022-K113,654,0.2,0.0,31,20.4,654,True,0.2
2706,2706,5/27/2022,2022-K113,654,0.1,0.0,36,20.7,654,True,0.1
2707,2707,5/27/2022,2022-K113,654,0.0,0.0,37,20.6,654,True,0.0
2732,2732,5/27/2022,2022-K115,654,0.3,0.0,21,19.7,654,True,0.3
2733,2733,5/27/2022,2022-K115,654,0.1,0.1,22,19.7,654,True,0.1414213562373095
2734,2734,5/27/2022,2022-K115,654,0.2,0.2,23,19.6,654,True,0.282842712474619
2760,2760,5/27/2022,2022-K121,654,0.1,0.1,28,20.3,654,True,0.1414213562373095
2762,2762,5/27/2022,2022-K121,654,0.0,0.0,30,20.2,654,True,0.0
2764,2764,5/27/2022,2022-K121,654,0.0,0.0,32,20.1,654,True,0.0
2767,2767,5/27/2022,2022-K121,654,0.1,0.1,35,20.1,654,True,0.1414213562373095
2781,2781,5/29/2022,2022-K151,654,0.1,0.1,12,21.7,654,True,0.1414213562373095
2782,2782,5/29/2022,2022-K151,654,0.1,0.1,13,21.2,654,True,0.1414213562373095
2783,2783,5/29/2022,2022-K151,654,0.0,0.0,14,21.3,654,True,0.0
2784,2784,5/29/2022,2022-K151,654,0.1,0.2,15,21.5,654,True,0.223606797749979
2850,2850,5/30/2022,2022-K157,654,0.1,0.4,61,18.5,654,True,0.4123105625617661
2851,2851,5/30/2022,2022-K157,654,0.3,0.2,62,18.5,654,True,0.3605551275463989
2866,2866,5/31/2022,2022-K177,654,0.0,0.2,17,20.2,654,True,0.2
2888,2888,6/1/2022,2022-L01 ,654,0.0,0.2,20,20.3,654,True,0.2
2891,2891,6/1/2022,2022-L01 ,654,0.1,0.2,23,20.4,654,True,0.223606797749979
2892,2892,6/1/2022,2022-L01 ,654,0.0,0.1,25,20.3,654,True,0.1
2906,2906,6/2/2022,2022-L08 ,654,0.1,0.2,11,21.1,654,True,0.223606797749979
2907,2907,6/2/2022,2022-L08 ,654,0.1,0.1,12,21.0,654,True,0.1414213562373095
2908,2908,6/2/2022,2022-L08 ,654,0.4,0.2,13,21.1,654,True,0.447213595499958
2909,2909,6/2/2022,2022-L08 ,654,0.2,0.1,15,21.0,654,True,0.223606797749979
2910,2910,6/2/2022,2022-L08 ,654,0.1,0.1,16,21.0,654,True,0.1414213562373095
2931,2931,6/2/2022,2022-L09 ,654,0.0,0.2,20,20.3,654,True,0.2
2932,2932,6/2/2022,2022-L09 ,654,0.1,0.2,21,20.3,654,True,0.223606797749979
2933,2933,6/2/2022,2022-L09 ,654,0.1,0.0,22,20.6,654,True,0.1
2934,2934,6/2/2022,2022-L09 ,654,0.2,0.5,23,20.6,654,True,0.5385164807134505
2935,2935,6/2/2022,2022-L09 ,654,0.2,0.0,25,20.4,654,True,0.2
2940,2940,6/2/2022,2022-L09 ,654,0.1,0.2,33,20.9,654,True,0.223606797749979
2941,2941,6/2/2022,2022-L09 ,654,0.1,0.2,34,20.5,654,True,0.223606797749979
2957,2957,6/2/2022,2022-L10 ,654,0.0,0.1,17,20.8,654,True,0.1
2958,2958,6/2/2022,2022-L10 ,654,0.2,0.2,18,20.5,654,True,0.282842712474619
2959,2959,6/2/2022,2022-L10 ,654,0.2,0.1,19,20.6,654,True,0.223606797749979
2960,2960,6/2/2022,2022-L10 ,654,0.5,0.2,21,20.5,654,True,0.5385164807134505
2990,2990,6/4/2022,2022-L25 ,654,0.1,0.0,29,20.7,654,True,0.1
2991,2991,6/4/2022,2022-L25 ,654,0.0,0.0,30,20.7,654,True,0.0
3040,3040,6/4/2022,2022-L27 ,654,0.1,0.1,51,18.2,654,True,0.1414213562373095
3078,3078,6/5/2022,2022-L31 ,654,0.1,0.1,39,19.8,654,True,0.1414213562373095
3099,3099,6/5/2022,2022-L34 ,654,1.2,0.3,17,21.4,654,True,1.2369316876852985
3100,3100,6/5/2022,2022-L34 ,654,0.2,0.1,18,21.1,654,True,0.223606797749979
3101,3101,6/5/2022,2022-L34 ,654,0.1,0.1,19,21.5,654,True,0.1414213562373095
3137,3137,6/5/2022,2022-L35 ,654,0.1,0.1,34,19.8,654,True,0.1414213562373095
3138,3138,6/5/2022,2022-L35 ,654,0.1,0.1,35,20.0,654,True,0.1414213562373095
3139,3139,6/5/2022,2022-L35 ,654,0.1,0.0,36,19.8,654,True,0.1
3163,3163,6/6/2022,2022-L43 ,568,0.0,0.0,16,20.86,568,True,0.0
3164,3164,6/6/2022,2022-L43 ,568,0.0,0.0,17,20.99,568,True,0.0
3165,3165,6/6/2022,2022-L43 ,568,0.0,0.1,18,20.88,568,True,0.1
3166,3166,6/6/2022,2022-L43 ,568,0.0,0.0,19,20.99,568,True,0.0
3171,3171,6/6/2022,2022-L43 ,654,0.1,0.1,24,21.2,654,True,0.1414213562373095
3172,3172,6/6/2022,2022-L43 ,654,0.1,0.0,25,20.9,654,True,0.1
3173,3173,6/6/2022,2022-L43 ,654,0.2,0.1,26,20.7,654,True,0.223606797749979
3190,3190,6/6/2022,2022-L45 ,654,0.2,0.0,17,21.4,654,True,0.2
3191,3191,6/6/2022,2022-L45 ,654,0.1,0.1,18,21.4,654,True,0.1414213562373095
3192,3192,6/6/2022,2022-L45 ,654,0.1,0.0,19,21.2,654,True,0.1
3193,3193,6/6/2022,2022-L45 ,654,0.1,0.0,20,21.3,654,True,0.1
3256,3256,6/6/2022,2022-L46 ,654,0.1,0.1,62,18.2,654,True,0.1414213562373095
3261,3261,6/6/2022,2022-L46 ,654,0.0,0.0,67,18.2,654,True,0.0
3262,3262,6/6/2022,2022-L46 ,654,0.0,0.0,68,18.3,654,True,0.0
3278,3278,6/7/2022,2022-L51 ,654,0.0,0.1,16,21.0,654,True,0.1
3279,3279,6/7/2022,2022-L51 ,654,0.1,0.0,17,20.9,654,True,0.1
3280,3280,6/7/2022,2022-L51 ,568,0.0,0.0,18,20.87,568,True,0.0
3281,3281,6/7/2022,2022-L51 ,568,0.0,0.0,19,20.89,568,True,0.0
3282,3282,6/7/2022,2022-L51 ,654,0.0,0.1,20,20.9,654,True,0.1
3329,3329,6/7/2022,2022-L64 ,654,0.0,0.0,46,20.0,654,True,0.0
3330,3330,6/7/2022,2022-L64 ,654,0.0,0.0,47,19.8,654,True,0.0
3334,3334,6/7/2022,2022-L64 ,654,0.0,0.0,51,19.9,654,True,0.0
3343,3343,6/7/2022,2022-L65 ,568,0.0,0.0,4,21.13,568,True,0.0
3344,3344,6/7/2022,2022-L65 ,568,0.0,0.1,5,21.13,568,True,0.1
3345,3345,6/7/2022,2022-L65 ,568,0.0,0.1,6,21.09,568,True,0.1
3346,3346,6/7/2022,2022-L65 ,568,0.0,0.2,7,21.16,568,True,0.2
3367,3367,6/7/2022,2022-L65 ,654,0.1,0.0,28,20.9,654,True,0.1
3368,3368,6/7/2022,2022-L65 ,654,0.0,0.0,29,21.0,654,True,0.0
3369,3369,6/7/2022,2022-L65 ,654,0.0,0.2,30,20.9,654,True,0.2
3370,3370,6/7/2022,2022-L65 ,654,0.2,0.1,31,20.9,654,True,0.223606797749979
3383,3383,6/8/2022,2022-L71 ,654,0.1,0.1,9,19.8,654,True,0.1414213562373095
3386,3386,6/8/2022,2022-L71 ,654,0.0,0.1,12,19.8,654,True,0.1
3389,3389,6/8/2022,2022-L71 ,654,0.1,0.1,15,19.7,654,True,0.1414213562373095
3394,3394,6/8/2022,2022-L71 ,654,0.2,0.1,20,20.0,654,True,0.223606797749979
3413,3413,6/8/2022,2022-L71 ,654,0.4,0.2,39,19.8,654,True,0.447213595499958
3414,3414,6/8/2022,2022-L71 ,654,0.1,0.1,40,19.2,654,True,0.1414213562373095
3419,3419,6/8/2022,2022-L71 ,654,0.1,0.0,45,19.4,654,True,0.1
3448,3448,6/8/2022,2022-L72 ,654,0.1,0.1,18,20.3,654,True,0.1414213562373095
3449,3449,6/8/2022,2022-L72 ,654,0.3,0.1,19,20.3,654,True,0.3162277660168379
3452,3452,6/8/2022,2022-L72 ,654,0.1,0.2,22,20.6,654,True,0.223606797749979
3453,3453,6/8/2022,2022-L72 ,654,0.1,0.1,23,20.8,654,True,0.1414213562373095
3486,3486,6/10/2022,2022-L77 ,654,0.2,0.1,30,18.8,654,True,0.223606797749979
3487,3487,6/10/2022,2022-L77 ,654,0.0,0.2,31,18.9,654,True,0.2
3488,3488,6/10/2022,2022-L77 ,654,0.1,0.2,32,18.9,654,True,0.223606797749979
3492,3492,6/10/2022,2022-L78 ,F51,0.5,0.1,1,22.53,F51,True,0.5099019513592785
3493,3493,6/10/2022,2022-L78 ,F51,0.0,0.2,2,22.95,F51,True,0.2
3494,3494,6/10/2022,2022-L78 ,F51,0.0,0.2,3,22.31,F51,True,0.2
3495,3495,6/10/2022,2022-L78 ,F51,0.2,0.2,4,21.29,F51,True,0.282842712474619
3496,3496,6/10/2022,2022-L78 ,F51,0.0,0.1,5,22.61,F51,True,0.1
3497,3497,6/10/2022,2022-L78 ,F51,0.1,0.1,6,22.55,F51,True,0.1414213562373095
3498,3498,6/10/2022,2022-L78 ,F51,0.1,0.0,7,22.77,F51,True,0.1
3499,3499,6/10/2022,2022-L78 ,F51,0.1,0.1,8,22.51,F51,True,0.1414213562373095
3500,3500,6/10/2022,2022-L78 ,F51,0.1,0.1,9,22.46,F51,True,0.1414213562373095
3501,3501,6/10/2022,2022-L78 ,F51,0.1,0.2,10,21.89,F51,True,0.223606797749979
3502,3502,6/10/2022,2022-L78 ,F51,0.0,0.0,11,21.87,F51,True,0.0
3503,3503,6/10/2022,2022-L78 ,F51,0.1,0.2,12,22.04,F51,True,0.223606797749979
3504,3504,6/10/2022,2022-L78 ,F51,0.1,0.3,13,22.01,F51,True,0.3162277660168379
3505,3505,6/10/2022,2022-L78 ,F51,0.4,0.2,14,22.27,F51,True,0.447213595499958
3506,3506,6/10/2022,2022-L78 ,F51,0.1,0.4,15,22.14,F51,True,0.4123105625617661
3507,3507,6/10/2022,2022-L78 ,F51,0.4,0.2,16,21.95,F51,True,0.447213595499958
3508,3508,6/10/2022,2022-L78 ,F51,0.4,0.1,17,21.67,F51,True,0.4123105625617661
3509,3509,6/10/2022,2022-L78 ,F51,0.1,0.0,18,21.96,F51,True,0.1
3510,3510,6/10/2022,2022-L78 ,F51,0.3,0.1,19,22.21,F51,True,0.3162277660168379
3511,3511,6/10/2022,2022-L78 ,F51,0.1,0.0,20,22.26,F51,True,0.1
3512,3512,6/10/2022,2022-L78 ,F51,0.0,0.0,21,21.5,F51,True,0.0
3513,3513,6/10/2022,2022-L78 ,F51,0.2,0.1,22,21.71,F51,True,0.223606797749979
3514,3514,6/10/2022,2022-L78 ,F51,0.2,0.0,23,22.56,F51,True,0.2
3515,3515,6/10/2022,2022-L78 ,F51,0.1,0.0,24,21.47,F51,True,0.1
3516,3516,6/10/2022,2022-L78 ,F51,0.0,0.1,25,21.1,F51,True,0.1
3517,3517,6/10/2022,2022-L78 ,F51,0.1,0.0,26,21.43,F51,True,0.1
3518,3518,6/10/2022,2022-L78 ,F51,0.1,0.2,27,21.64,F51,True,0.223606797749979
3519,3519,6/10/2022,2022-L78 ,F51,0.2,0.2,28,21.69,F51,True,0.282842712474619
3520,3520,6/10/2022,2022-L78 ,F51,0.1,0.1,29,21.91,F51,True,0.1414213562373095
3521,3521,6/10/2022,2022-L78 ,F51,0.1,0.0,30,22.03,F51,True,0.1
3522,3522,6/10/2022,2022-L78 ,F51,0.0,0.0,31,22.1,F51,True,0.0
3523,3523,6/10/2022,2022-L78 ,F51,0.2,0.1,32,22.37,F51,True,0.223606797749979
3524,3524,6/10/2022,2022-L78 ,F51,0.1,0.0,33,22.05,F51,True,0.1
3525,3525,6/10/2022,2022-L78 ,F51,0.0,0.1,34,21.79,F51,True,0.1
3526,3526,6/10/2022,2022-L78 ,F51,0.3,0.2,35,21.63,F51,True,0.3605551275463989
3527,3527,6/10/2022,2022-L78 ,F51,0.1,0.1,36,21.93,F51,True,0.1414213562373095
3528,3528,6/10/2022,2022-L78 ,F51,0.2,0.1,37,22.27,F51,True,0.223606797749979
3529,3529,6/10/2022,2022-L78 ,F51,0.1,0.1,38,21.73,F51,True,0.1414213562373095
3530,3530,6/10/2022,2022-L78 ,F51,0.4,0.1,39,21.63,F51,True,0.4123105625617661
3531,3531,6/10/2022,2022-L78 ,F51,0.3,0.0,40,22.0,F51,True,0.3
3532,3532,6/10/2022,2022-L78 ,F51,0.1,0.1,41,22.1,F51,True,0.1414213562373095
3533,3533,6/10/2022,2022-L78 ,F51,0.1,0.0,42,22.1,F51,True,0.1
3534,3534,6/10/2022,2022-L78 ,F51,0.3,0.1,43,22.06,F51,True,0.3162277660168379
3535,3535,6/10/2022,2022-L78 ,F51,0.1,0.4,44,21.28,F51,True,0.4123105625617661
3536,3536,6/10/2022,2022-L78 ,F51,0.2,0.1,45,21.24,F51,True,0.223606797749979
3537,3537,6/10/2022,2022-L78 ,F51,0.1,0.3,46,21.47,F51,True,0.3162277660168379
3538,3538,6/10/2022,2022-L78 ,F51,0.1,0.1,47,21.79,F51,True,0.1414213562373095
3539,3539,6/10/2022,2022-L78 ,F51,0.0,0.0,48,21.69,F51,True,0.0
3540,3540,6/10/2022,2022-L78 ,F51,0.0,0.1,49,21.63,F51,True,0.1
3541,3541,6/10/2022,2022-L78 ,F51,0.1,0.0,50,21.8,F51,True,0.1
3542,3542,6/10/2022,2022-L78 ,F51,0.0,0.0,51,21.58,F51,True,0.0
3543,3543,6/10/2022,2022-L78 ,F51,0.1,0.2,52,21.57,F51,True,0.223606797749979
3544,3544,6/10/2022,2022-L78 ,F51,0.0,0.0,53,21.77,F51,True,0.0
3545,3545,6/10/2022,2022-L78 ,F51,0.2,0.0,54,21.57,F51,True,0.2
3546,3546,6/10/2022,2022-L78 ,F51,0.2,0.2,55,21.97,F51,True,0.282842712474619
3547,3547,6/10/2022,2022-L78 ,F51,0.1,0.1,56,21.88,F51,True,0.1414213562373095
3548,3548,6/10/2022,2022-L78 ,F51,0.0,0.1,57,21.46,F51,True,0.1
3549,3549,6/10/2022,2022-L78 ,F51,0.1,0.0,58,21.73,F51,True,0.1
3550,3550,6/10/2022,2022-L78 ,F51,0.1,0.0,59,21.79,F51,True,0.1
3551,3551,6/10/2022,2022-L78 ,F51,0.0,0.0,60,21.21,F51,True,0.0
3552,3552,6/10/2022,2022-L78 ,F51,0.0,0.1,61,21.1,F51,True,0.1
3553,3553,6/10/2022,2022-L78 ,F51,0.0,0.1,62,21.19,F51,True,0.1
3554,3554,6/10/2022,2022-L78 ,F51,0.1,0.1,63,21.36,F51,True,0.1414213562373095
3559,3559,6/10/2022,2022-L78 ,F51,0.0,0.0,68,21.5,F51,True,0.0
3560,3560,6/10/2022,2022-L78 ,F51,0.0,0.1,69,21.3,F51,True,0.1
3561,3561,6/10/2022,2022-L78 ,F51,0.0,0.0,70,21.48,F51,True,0.0
3562,3562,6/10/2022,2022-L78 ,F51,0.2,0.1,71,21.49,F51,True,0.223606797749979
3563,3563,6/10/2022,2022-L78 ,F51,0.1,0.2,72,21.09,F51,True,0.223606797749979
3564,3564,6/10/2022,2022-L78 ,F51,0.0,0.0,73,21.62,F51,True,0.0
3565,3565,6/10/2022,2022-L78 ,F51,0.1,0.0,74,21.17,F51,True,0.1
3566,3566,6/10/2022,2022-L78 ,F51,0.2,0.2,75,21.29,F51,True,0.282842712474619
3567,3567,6/10/2022,2022-L78 ,F51,0.1,0.0,76,21.22,F51,True,0.1
3568,3568,6/10/2022,2022-L78 ,F51,0.0,0.0,77,21.27,F51,True,0.0
3569,3569,6/10/2022,2022-L78 ,F51,0.0,0.0,78,21.18,F51,True,0.0
3570,3570,6/10/2022,2022-L78 ,F51,0.0,0.0,79,21.44,F51,True,0.0
3571,3571,6/10/2022,2022-L78 ,F51,0.0,0.0,80,21.23,F51,True,0.0
3572,3572,6/10/2022,2022-L78 ,F51,0.0,0.1,81,21.26,F51,True,0.1
3573,3573,6/10/2022,2022-L78 ,F51,0.1,0.0,82,21.31,F51,True,0.1
3574,3574,6/10/2022,2022-L78 ,F51,0.0,0.1,83,21.27,F51,True,0.1
3575,3575,6/10/2022,2022-L78 ,F51,0.1,0.1,84,21.2,F51,True,0.1414213562373095
3584,3584,6/10/2022,2022-L78 ,F51,0.0,0.0,93,21.09,F51,True,0.0
3585,3585,6/10/2022,2022-L78 ,F51,0.0,0.0,94,21.11,F51,True,0.0
3586,3586,6/10/2022,2022-L78 ,F51,0.0,0.0,95,21.13,F51,True,0.0
3587,3587,6/10/2022,2022-L78 ,F51,0.0,0.0,96,21.22,F51,True,0.0
3604,3604,6/10/2022,2022-L78 ,F51,0.0,0.0,113,20.91,F51,True,0.0
3605,3605,6/10/2022,2022-L78 ,F51,0.0,0.0,114,21.18,F51,True,0.0
3606,3606,6/10/2022,2022-L78 ,F51,0.0,0.0,115,21.13,F51,True,0.0
3607,3607,6/10/2022,2022-L78 ,F51,0.0,0.0,116,21.2,F51,True,0.0
3608,3608,6/10/2022,2022-L78 ,F51,0.0,0.0,117,21.01,F51,True,0.0
3609,3609,6/10/2022,2022-L78 ,F51,0.1,0.1,118,21.16,F51,True,0.1414213562373095
3610,3610,6/10/2022,2022-L78 ,F51,0.0,0.0,119,20.97,F51,True,0.0
3611,3611,6/10/2022,2022-L78 ,F51,0.0,0.0,120,20.93,F51,True,0.0
3612,3612,6/10/2022,2022-L78 ,F51,0.1,0.0,121,20.57,F51,True,0.1
3613,3613,6/10/2022,2022-L78 ,F51,0.0,0.0,122,20.93,F51,True,0.0
3614,3614,6/10/2022,2022-L78 ,F51,0.0,0.0,123,20.69,F51,True,0.0
3615,3615,6/10/2022,2022-L78 ,F51,0.1,0.0,124,20.86,F51,True,0.1
3620,3620,6/10/2022,2022-L78 ,F51,0.1,0.0,129,20.93,F51,True,0.1
3621,3621,6/10/2022,2022-L78 ,F51,0.0,0.0,130,21.02,F51,True,0.0
3622,3622,6/10/2022,2022-L78 ,F51,0.0,0.0,131,20.92,F51,True,0.0
3623,3623,6/10/2022,2022-L78 ,F51,0.0,0.0,132,20.94,F51,True,0.0
3630,3630,6/10/2022,2022-L78 ,F51,0.0,0.0,139,20.98,F51,True,0.0
3631,3631,6/10/2022,2022-L78 ,F51,0.0,0.0,140,20.96,F51,True,0.0
3632,3632,6/10/2022,2022-L78 ,F51,0.0,0.0,141,21.07,F51,True,0.0
3633,3633,6/10/2022,2022-L78 ,F51,0.0,0.0,142,21.66,F51,True,0.0
3634,3634,6/10/2022,2022-L78 ,F51,0.0,0.0,143,21.44,F51,True,0.0
3635,3635,6/10/2022,2022-L78 ,F51,0.0,0.0,144,21.52,F51,True,0.0
3636,3636,6/10/2022,2022-L78 ,F51,0.1,0.0,145,21.86,F51,True,0.1
3641,3641,6/10/2022,2022-L78 ,F51,0.1,0.0,150,21.12,F51,True,0.1
3642,3642,6/10/2022,2022-L78 ,F51,0.0,0.0,151,21.12,F51,True,0.0
3643,3643,6/10/2022,2022-L78 ,F51,0.0,0.0,152,21.07,F51,True,0.0
3644,3644,6/10/2022,2022-L78 ,F51,0.0,0.0,153,21.2,F51,True,0.0
3664,3664,6/10/2022,2022-L78 ,F51,0.0,0.0,173,20.58,F51,True,0.0
3665,3665,6/10/2022,2022-L78 ,F51,0.0,0.0,174,20.48,F51,True,0.0
3666,3666,6/10/2022,2022-L78 ,F51,0.1,0.0,175,20.61,F51,True,0.1
3667,3667,6/10/2022,2022-L78 ,F51,0.0,0.2,176,20.38,F51,True,0.2
3668,3668,6/10/2022,2022-L78 ,F51,0.0,0.1,177,20.07,F51,True,0.1
3669,3669,6/10/2022,2022-L78 ,F51,0.0,0.0,178,20.51,F51,True,0.0
3670,3670,6/10/2022,2022-L78 ,F51,0.0,0.0,179,20.5,F51,True,0.0
3671,3671,6/10/2022,2022-L78 ,F51,0.0,0.0,180,20.66,F51,True,0.0
3672,3672,6/10/2022,2022-L78 ,F51,0.1,0.0,181,20.6,F51,True,0.1
3673,3673,6/10/2022,2022-L78 ,F51,0.0,0.0,182,20.64,F51,True,0.0
3674,3674,6/10/2022,2022-L78 ,F51,0.0,0.0,183,20.59,F51,True,0.0
3675,3675,6/10/2022,2022-L78 ,F51,0.0,0.0,184,20.69,F51,True,0.0
3676,3676,6/10/2022,2022-L78 ,F51,0.0,0.0,185,20.61,F51,True,0.0
3677,3677,6/10/2022,2022-L78 ,F51,0.1,0.1,186,20.87,F51,True,0.1414213562373095
3678,3678,6/10/2022,2022-L78 ,F51,0.0,0.1,187,20.91,F51,True,0.1
3679,3679,6/10/2022,2022-L78 ,F51,0.1,0.0,188,20.44,F51,True,0.1
3680,3680,6/10/2022,2022-L78 ,F51,0.0,0.0,189,20.78,F51,True,0.0
3681,3681,6/10/2022,2022-L78 ,F51,0.0,0.0,190,20.73,F51,True,0.0
3682,3682,6/10/2022,2022-L78 ,F51,0.0,0.0,191,20.67,F51,True,0.0
3683,3683,6/10/2022,2022-L78 ,F51,0.0,0.0,192,20.81,F51,True,0.0
3684,3684,6/10/2022,2022-L78 ,F51,0.0,0.0,193,20.86,F51,True,0.0
3685,3685,6/10/2022,2022-L78 ,F51,0.0,0.0,194,20.85,F51,True,0.0
3686,3686,6/10/2022,2022-L78 ,F51,0.0,0.0,195,20.89,F51,True,0.0
3687,3687,6/10/2022,2022-L78 ,F51,0.1,0.0,196,20.78,F51,True,0.1
3688,3688,6/10/2022,2022-L78 ,F51,0.0,0.0,197,20.78,F51,True,0.0
3689,3689,6/10/2022,2022-L78 ,F51,0.0,0.0,198,20.9,F51,True,0.0
3690,3690,6/10/2022,2022-L78 ,F51,0.0,0.0,199,20.84,F51,True,0.0
3691,3691,6/10/2022,2022-L78 ,F51,0.0,0.0,200,20.92,F51,True,0.0
3692,3692,6/10/2022,2022-L78 ,F51,0.0,0.1,201,20.66,F51,True,0.1
3693,3693,6/10/2022,2022-L78 ,F51,0.0,0.1,202,20.7,F51,True,0.1
3694,3694,6/10/2022,2022-L78 ,F51,0.1,0.0,203,20.47,F51,True,0.1
3714,3714,6/10/2022,2022-L78 ,654,0.1,0.0,223,20.3,654,True,0.1
3715,3715,6/10/2022,2022-L78 ,654,0.0,0.1,224,20.5,654,True,0.1
3729,3729,6/10/2022,2022-L78 ,654,0.1,0.0,238,20.6,654,True,0.1
3730,3730,6/10/2022,2022-L78 ,654,0.1,0.1,239,20.7,654,True,0.1414213562373095
3731,3731,6/10/2022,2022-L78 ,654,0.0,0.2,240,20.3,654,True,0.2
3732,3732,6/10/2022,2022-L78 ,654,0.1,0.2,241,20.2,654,True,0.223606797749979
3733,3733,6/10/2022,2022-L78 ,654,0.1,0.3,242,20.3,654,True,0.3162277660168379
3734,3734,6/10/2022,2022-L78 ,654,0.0,0.2,243,20.2,654,True,0.2
3758,3758,6/10/2022,2022-L79 ,654,0.4,0.1,22,21.4,654,True,0.4123105625617661
3759,3759,6/10/2022,2022-L79 ,654,1.5,0.2,23,21.4,654,True,1.5132745950421556
3777,3777,6/19/2022,2022-M16 ,654,0.2,0.1,18,20.2,654,True,0.223606797749979
3778,3778,6/19/2022,2022-M16 ,654,0.2,0.1,19,20.5,654,True,0.223606797749979
3779,3779,6/19/2022,2022-M16 ,654,0.1,0.0,20,20.5,654,True,0.1
3824,3824,6/21/2022,2022-M25 ,654,0.3,0.1,22,20.4,654,True,0.3162277660168379
3825,3825,6/21/2022,2022-M25 ,654,0.1,0.1,23,20.4,654,True,0.1414213562373095
3826,3826,6/21/2022,2022-M25 ,654,0.0,0.1,24,20.3,654,True,0.1
3827,3827,6/21/2022,2022-M25 ,654,0.1,0.1,25,20.3,654,True,0.1414213562373095
3839,3839,6/21/2022,2022-M25 ,654,0.0,0.1,38,20.3,654,True,0.1
3841,3841,6/21/2022,2022-M25 ,654,0.1,0.0,40,20.3,654,True,0.1
3842,3842,6/21/2022,2022-M25 ,654,0.0,0.0,41,20.2,654,True,0.0
3885,3885,6/21/2022,2022-M26 ,654,0.0,0.0,43,18.2,654,True,0.0
3886,3886,6/21/2022,2022-M26 ,654,0.2,0.0,44,18.2,654,True,0.2
3899,3899,6/21/2022,2022-M27 ,654,0.0,0.0,13,19.5,654,True,0.0
3900,3900,6/21/2022,2022-M27 ,654,0.0,0.0,14,19.5,654,True,0.0
3909,3909,6/21/2022,2022-M29 ,568,0.0,0.0,10,21.1,568,True,0.0
3910,3910,6/21/2022,2022-M29 ,568,0.1,0.0,11,21.11,568,True,0.1
3911,3911,6/21/2022,2022-M29 ,568,0.1,0.0,12,21.09,568,True,0.1
3914,3914,6/21/2022,2022-M29 ,654,0.0,0.2,17,20.9,654,True,0.2
3940,3940,6/21/2022,2022-M30 ,654,0.1,0.1,29,20.5,654,True,0.1414213562373095
3941,3941,6/21/2022,2022-M30 ,654,0.1,0.1,30,20.3,654,True,0.1414213562373095
3974,3974,6/21/2022,2022-M31 ,654,0.5,0.2,34,15.9,654,True,0.5385164807134505
3975,3975,6/21/2022,2022-M31 ,654,0.4,0.2,35,15.9,654,True,0.447213595499958
3976,3976,6/21/2022,2022-M31 ,654,0.5,0.2,36,16.1,654,True,0.5385164807134505
3977,3977,6/21/2022,2022-M31 ,654,0.1,0.1,37,16.4,654,True,0.1414213562373095
4028,4028,6/23/2022,2022-M38 ,654,0.1,0.1,52,19.0,654,True,0.1414213562373095
4029,4029,6/23/2022,2022-M38 ,654,0.0,0.2,53,19.0,654,True,0.2
4030,4030,6/23/2022,2022-M38 ,654,0.0,0.1,54,19.0,654,True,0.1
4031,4031,6/23/2022,2022-M38 ,654,0.1,0.1,55,19.0,654,True,0.1414213562373095
4104,4104,6/23/2022,2022-M39 ,654,0.1,0.0,32,20.2,654,True,0.1
4105,4105,6/23/2022,2022-M39 ,654,0.1,0.1,33,20.3,654,True,0.1414213562373095
4128,4128,6/24/2022,2022-M60 ,654,0.1,0.0,15,20.8,654,True,0.1
4129,4129,6/24/2022,2022-M60 ,654,0.0,0.2,16,20.8,654,True,0.2
4130,4130,6/24/2022,2022-M60 ,654,0.2,0.1,17,20.6,654,True,0.223606797749979
4131,4131,6/24/2022,2022-M60 ,654,0.2,0.1,18,20.8,654,True,0.223606797749979
4132,4132,6/24/2022,2022-M60 ,654,0.1,0.0,19,20.9,654,True,0.1
4133,4133,6/24/2022,2022-M60 ,654,0.2,0.0,20,21.2,654,True,0.2
4157,4157,6/25/2022,2022-M69 ,654,0.0,0.0,24,19.6,654,True,0.0
4158,4158,6/25/2022,2022-M69 ,654,0.0,0.0,25,19.8,654,True,0.0
4159,4159,6/25/2022,2022-M69 ,654,0.1,0.1,26,19.7,654,True,0.1414213562373095
4172,4172,6/26/2022,2022-M75 ,654,0.0,0.0,15,20.6,654,True,0.0
4173,4173,6/26/2022,2022-M75 ,654,0.0,0.0,16,20.6,654,True,0.0
4174,4174,6/26/2022,2022-M75 ,654,0.1,0.1,17,20.7,654,True,0.1414213562373095
4186,4186,6/26/2022,2022-M79 ,654,0.1,0.1,13,20.6,654,True,0.1414213562373095
4187,4187,6/26/2022,2022-M79 ,654,0.0,0.0,14,20.7,654,True,0.0
4188,4188,6/26/2022,2022-M79 ,654,0.0,0.0,15,20.6,654,True,0.0
4189,4189,6/26/2022,2022-M79 ,654,0.1,0.1,16,20.7,654,True,0.1414213562373095
4190,4190,6/26/2022,2022-M79 ,654,0.1,0.1,17,21.0,654,True,0.1414213562373095
4199,4199,6/26/2022,2022-M80 ,568,0.0,0.0,10,21.16,568,True,0.0
4200,4200,6/26/2022,2022-M80 ,568,0.0,0.0,11,21.14,568,True,0.0
4201,4201,6/26/2022,2022-M80 ,568,0.0,0.0,13,21.17,568,True,0.0
4202,4202,6/26/2022,2022-M80 ,654,0.2,0.6,14,21.0,654,True,0.6324555320336759
4203,4203,6/26/2022,2022-M80 ,654,0.1,0.3,15,20.9,654,True,0.3162277660168379
4204,4204,6/26/2022,2022-M80 ,654,0.0,0.1,16,20.7,654,True,0.1
4205,4205,6/26/2022,2022-M80 ,654,0.2,0.1,17,20.7,654,True,0.223606797749979
4210,4210,6/28/2022,2022-M89 ,568,0.0,0.0,5,21.42,568,True,0.0
4211,4211,6/28/2022,2022-M89 ,568,0.0,0.0,6,21.41,568,True,0.0
4212,4212,6/28/2022,2022-M89 ,568,0.0,0.0,7,21.4,568,True,0.0
4213,4213,6/28/2022,2022-M89 ,654,0.1,0.0,9,21.4,654,True,0.1
4214,4214,6/28/2022,2022-M89 ,654,0.1,0.0,10,21.2,654,True,0.1
4215,4215,6/28/2022,2022-M89 ,654,0.1,0.0,11,21.2,654,True,0.1
4219,4219,6/28/2022,2022-M89 ,654,0.3,0.3,15,21.2,654,True,0.4242640687119285
4220,4220,6/28/2022,2022-M89 ,654,0.0,0.0,17,21.2,654,True,0.0
4221,4221,6/28/2022,2022-M89 ,654,0.1,0.0,18,21.2,654,True,0.1
4232,4232,6/28/2022,2022-M90 ,568,0.0,0.0,6,21.79,568,True,0.0
4233,4233,6/28/2022,2022-M90 ,568,0.0,0.0,7,21.86,568,True,0.0
4234,4234,6/28/2022,2022-M90 ,568,0.0,0.0,8,21.84,568,True,0.0
4244,4244,6/28/2022,2022-M90 ,654,0.1,0.1,18,22.1,654,True,0.1414213562373095
4245,4245,6/28/2022,2022-M90 ,654,0.1,0.0,19,21.9,654,True,0.1
4246,4246,6/28/2022,2022-M90 ,654,0.1,0.1,20,21.8,654,True,0.1414213562373095
4262,4262,6/28/2022,2022-M91 ,654,0.0,0.0,17,20.2,654,True,0.0
4263,4263,6/28/2022,2022-M91 ,654,0.0,0.0,18,20.1,654,True,0.0
4264,4264,6/28/2022,2022-M91 ,654,0.0,0.1,19,20.1,654,True,0.1
4275,4275,6/28/2022,2022-M91 ,654,0.1,0.2,36,20.3,654,True,0.223606797749979
4276,4276,6/28/2022,2022-M91 ,654,0.1,0.0,37,20.2,654,True,0.1
4285,4285,6/28/2022,2022-M95 ,568,0.0,0.0,10,21.01,568,True,0.0
4286,4286,6/28/2022,2022-M95 ,568,0.0,0.0,11,20.98,568,True,0.0
4287,4287,6/28/2022,2022-M95 ,568,0.0,0.1,12,21.0,568,True,0.1
4291,4291,6/28/2022,2022-M95 ,654,0.0,0.1,17,21.1,654,True,0.1
4292,4292,6/28/2022,2022-M95 ,654,0.0,0.0,18,21.1,654,True,0.0
4293,4293,6/28/2022,2022-M95 ,654,0.1,0.0,19,21.4,654,True,0.1
4294,4294,6/28/2022,2022-M95 ,654,0.0,0.0,20,20.9,654,True,0.0
4313,4313,6/30/2022,2022-M106,654,0.0,0.2,20,20.2,654,True,0.2
4314,4314,6/30/2022,2022-M106,654,0.1,0.2,21,20.3,654,True,0.223606797749979
4315,4315,6/30/2022,2022-M106,654,0.0,0.1,22,20.2,654,True,0.1
4359,4359,6/30/2022,2022-M107,654,0.1,0.2,27,20.8,654,True,0.223606797749979
4360,4360,6/30/2022,2022-M107,654,0.0,0.3,28,20.9,654,True,0.3
4373,4373,6/30/2022,2022-M110,654,0.1,0.0,11,20.4,654,True,0.1
4374,4374,6/30/2022,2022-M110,654,0.2,0.1,13,19.9,654,True,0.223606797749979
4375,4375,6/30/2022,2022-M110,654,0.1,0.3,14,20.2,654,True,0.3162277660168379
4397,4397,7/1/2022,2022-N04 ,654,0.0,0.1,21,20.2,654,True,0.1
4398,4398,7/1/2022,2022-N04 ,654,0.1,0.1,22,20.1,654,True,0.1414213562373095
4430,4430,7/1/2022,2022-N06 ,654,0.0,0.2,17,21.0,654,True,0.2
4431,4431,7/1/2022,2022-N06 ,654,0.0,0.1,19,21.0,654,True,0.1
4432,4432,7/1/2022,2022-N06 ,654,0.1,0.1,20,20.9,654,True,0.1414213562373095
4468,4468,7/1/2022,2022-N08 ,654,0.1,0.0,32,19.6,654,True,0.1
4469,4469,7/1/2022,2022-N08 ,654,0.0,0.0,33,19.5,654,True,0.0
4474,4474,7/1/2022,2022-N08 ,654,0.3,0.0,38,19.6,654,True,0.3
4486,4486,7/1/2022,2022-N09 ,654,0.0,0.1,13,20.3,654,True,0.1
4487,4487,7/1/2022,2022-N09 ,654,0.0,0.1,14,20.3,654,True,0.1
4488,4488,7/1/2022,2022-N09 ,654,0.1,0.2,15,20.4,654,True,0.223606797749979
4489,4489,7/1/2022,2022-N09 ,654,0.4,0.0,16,20.4,654,True,0.4
4513,4513,7/5/2022,2022-N28 ,654,0.3,0.1,10,19.7,654,True,0.3162277660168379
4517,4517,7/5/2022,2022-N28 ,654,0.1,0.1,14,19.6,654,True,0.1414213562373095
4518,4518,7/5/2022,2022-N28 ,654,0.2,0.0,15,19.7,654,True,0.2
4557,4557,7/5/2022,2022-N29 ,654,0.1,0.1,18,19.1,654,True,0.1414213562373095
4558,4558,7/5/2022,2022-N29 ,654,0.0,0.1,19,19.1,654,True,0.1
4559,4559,7/5/2022,2022-N29 ,654,0.0,0.2,20,19.0,654,True,0.2
4574,4574,7/5/2022,2022-N31 ,654,0.1,0.3,15,20.5,654,True,0.3162277660168379
4575,4575,7/5/2022,2022-N31 ,654,0.0,0.1,16,20.7,654,True,0.1
4576,4576,7/5/2022,2022-N31 ,654,0.2,0.1,17,20.1,654,True,0.223606797749979
4590,4590,7/5/2022,2022-N34 ,654,0.1,0.1,15,19.2,654,True,0.1414213562373095
4591,4591,7/5/2022,2022-N34 ,654,0.1,0.2,17,19.2,654,True,0.223606797749979
4606,4606,7/5/2022,2022-N35 ,654,0.1,0.1,9,20.3,654,True,0.1414213562373095
4607,4607,7/5/2022,2022-N35 ,568,0.0,0.1,10,20.22,568,True,0.1
4608,4608,7/5/2022,2022-N35 ,568,0.0,0.0,11,20.45,568,True,0.0
4609,4609,7/5/2022,2022-N35 ,568,0.0,0.0,12,20.52,568,True,0.0
4610,4610,7/5/2022,2022-N35 ,568,0.0,0.1,13,20.45,568,True,0.1
4611,4611,7/5/2022,2022-N35 ,654,0.1,0.1,14,20.3,654,True,0.1414213562373095
4612,4612,7/5/2022,2022-N35 ,654,0.3,0.0,15,20.3,654,True,0.3
4637,4637,7/8/2022,2022-N55 ,654,0.0,0.1,19,20.8,654,True,0.1
4638,4638,7/8/2022,2022-N55 ,654,0.1,0.1,20,20.8,654,True,0.1414213562373095
4668,4668,7/10/2022,2022-N72 ,654,0.1,0.0,31,18.6,654,True,0.1
4669,4669,7/10/2022,2022-N72 ,654,0.1,0.0,32,18.6,654,True,0.1
4675,4675,7/10/2022,2022-N72 ,654,0.1,0.0,38,18.4,654,True,0.1
4716,4716,7/10/2022,2022-N77 ,568,0.0,0.0,13,20.77,568,True,0.0
4717,4717,7/10/2022,2022-N77 ,568,0.1,0.0,14,20.92,568,True,0.1
4718,4718,7/10/2022,2022-N77 ,568,0.2,0.0,15,20.91,568,True,0.2
4725,4725,7/10/2022,2022-N77 ,654,0.1,0.3,22,20.9,654,True,0.3162277660168379
4726,4726,7/10/2022,2022-N77 ,654,0.4,0.2,23,20.9,654,True,0.447213595499958
4780,4780,7/22/2022,2022-O27 ,654,0.3,0.2,61,17.4,654,True,0.3605551275463989
4806,4806,7/24/2022,2022-O39 ,654,0.0,0.0,21,20.9,654,True,0.0
4807,4807,7/24/2022,2022-O39 ,654,0.0,0.0,22,21.0,654,True,0.0
4808,4808,7/24/2022,2022-O39 ,654,0.1,0.0,23,21.1,654,True,0.1
4816,4816,7/26/2022,2022-O51 ,568,0.0,0.0,9,20.08,568,True,0.0
4817,4817,7/26/2022,2022-O51 ,568,0.0,0.0,10,20.01,568,True,0.0
4818,4818,7/26/2022,2022-O51 ,568,0.0,0.0,11,20.0,568,True,0.0
4819,4819,7/26/2022,2022-O51 ,568,0.0,0.0,12,19.77,568,True,0.0
4820,4820,7/26/2022,2022-O51 ,568,0.0,0.0,13,19.8,568,True,0.0
4823,4823,7/26/2022,2022-O51 ,654,0.0,0.1,18,20.0,654,True,0.1
4824,4824,7/26/2022,2022-O51 ,654,0.0,0.0,19,20.2,654,True,0.0
4839,4839,7/26/2022,2022-O54 ,654,0.0,0.0,18,19.9,654,True,0.0
4840,4840,7/26/2022,2022-O54 ,654,0.0,0.0,19,20.1,654,True,0.0
4851,4851,7/27/2022,2022-O61 ,654,0.1,0.0,11,20.4,654,True,0.1
4852,4852,7/27/2022,2022-O61 ,654,0.2,0.0,12,20.4,654,True,0.2
4853,4853,7/27/2022,2022-O61 ,654,0.1,0.1,13,20.4,654,True,0.1414213562373095
4854,4854,7/27/2022,2022-O61 ,654,0.1,0.0,14,20.4,654,True,0.1
4861,4861,7/27/2022,2022-O68 ,568,0.0,0.0,4,21.21,568,True,0.0
4862,4862,7/27/2022,2022-O68 ,568,0.0,0.0,5,21.24,568,True,0.0
4863,4863,7/27/2022,2022-O68 ,568,0.0,0.0,6,21.19,568,True,0.0
4865,4865,7/27/2022,2022-O68 ,654,0.3,0.1,8,20.9,654,True,0.3162277660168379
4867,4867,7/27/2022,2022-O68 ,654,0.3,0.2,10,21.0,654,True,0.3605551275463989
4868,4868,7/27/2022,2022-O68 ,654,0.1,0.0,11,21.2,654,True,0.1
4884,4884,7/27/2022,2022-O72 ,654,0.1,0.1,17,19.4,654,True,0.1414213562373095
4885,4885,7/27/2022,2022-O72 ,654,0.2,0.0,18,19.4,654,True,0.2
4887,4887,7/27/2022,2022-O72 ,654,0.0,0.0,22,19.9,654,True,0.0
4906,4906,7/27/2022,2022-O73 ,654,0.1,0.1,15,20.1,654,True,0.1414213562373095
4907,4907,7/27/2022,2022-O73 ,654,0.1,0.1,17,20.1,654,True,0.1414213562373095
4908,4908,7/27/2022,2022-O73 ,654,0.0,0.1,18,20.0,654,True,0.1
4909,4909,7/27/2022,2022-O73 ,654,0.0,0.0,19,20.0,654,True,0.0
4910,4910,7/27/2022,2022-O73 ,654,0.0,0.1,20,19.9,654,True,0.1
4911,4911,7/27/2022,2022-O73 ,654,0.0,0.1,21,19.9,654,True,0.1
4912,4912,7/27/2022,2022-O73 ,654,0.0,0.0,22,20.0,654,True,0.0
4921,4921,7/27/2022,2022-O75 ,654,0.0,0.1,10,20.6,654,True,0.1
4922,4922,7/27/2022,2022-O75 ,654,0.1,0.0,11,20.3,654,True,0.1
4938,4938,7/30/2022,2022-O108,654,0.0,0.2,14,19.3,654,True,0.2
4940,4940,7/30/2022,2022-O108,654,0.0,0.1,16,19.3,654,True,0.1
5001,5001,7/31/2022,2022-O112,654,0.5,0.5,25,19.4,654,True,0.7071067811865476
5002,5002,7/31/2022,2022-O112,654,0.2,0.1,26,19.7,654,True,0.223606797749979
5003,5003,7/31/2022,2022-O112,654,0.1,0.1,27,19.8,654,True,0.1414213562373095
5035,5035,7/31/2022,2022-O115,654,0.0,0.4,20,19.6,654,True,0.4
5036,5036,7/31/2022,2022-O115,654,0.1,0.2,21,19.6,654,True,0.223606797749979
5037,5037,7/31/2022,2022-O115,654,0.1,0.1,23,19.7,654,True,0.1414213562373095
5038,5038,7/31/2022,2022-O115,654,0.0,0.1,24,19.7,654,True,0.1
5039,5039,7/31/2022,2022-O115,654,0.0,0.2,25,19.6,654,True,0.2
5052,5052,8/1/2022,2022-P15 ,654,0.2,0.1,10,20.6,654,True,0.223606797749979
5053,5053,8/1/2022,2022-P15 ,654,0.5,0.1,11,20.6,654,True,0.5099019513592785
5098,5098,8/3/2022,2022-P55 ,654,0.0,0.0,42,20.1,654,True,0.0
5099,5099,8/3/2022,2022-P55 ,654,0.2,0.3,43,20.1,654,True,0.3605551275463989
5100,5100,8/3/2022,2022-P55 ,654,0.1,0.2,44,20.1,654,True,0.223606797749979
5101,5101,8/3/2022,2022-P55 ,568,0.0,0.0,45,19.96,568,True,0.0
5102,5102,8/3/2022,2022-P55 ,568,0.0,0.0,46,20.14,568,True,0.0
5103,5103,8/3/2022,2022-P55 ,568,0.0,0.0,47,20.13,568,True,0.0
5154,5154,8/17/2022,2022-Q15 ,654,0.0,0.0,50,18.3,654,True,0.0
5155,5155,8/17/2022,2022-Q15 ,654,0.0,0.0,51,18.3,654,True,0.0
5156,5156,8/17/2022,2022-Q15 ,654,0.1,0.1,52,18.2,654,True,0.1414213562373095
5157,5157,8/17/2022,2022-Q15 ,654,0.1,0.0,53,18.2,654,True,0.1
5169,5169,8/18/2022,2022-Q20 ,654,0.1,0.1,13,20.6,654,True,0.1414213562373095
5170,5170,8/18/2022,2022-Q20 ,654,0.2,0.1,15,20.6,654,True,0.223606797749979
5171,5171,8/18/2022,2022-Q20 ,654,0.2,0.1,16,20.6,654,True,0.223606797749979
5172,5172,8/18/2022,2022-Q20 ,654,0.3,0.1,17,20.6,654,True,0.3162277660168379
5173,5173,8/18/2022,2022-Q20 ,568,0.0,0.0,18,20.72,568,True,0.0
5174,5174,8/18/2022,2022-Q20 ,568,0.0,0.0,19,20.61,568,True,0.0
5175,5175,8/18/2022,2022-Q20 ,568,0.0,0.0,20,20.64,568,True,0.0
5187,5187,8/18/2022,2022-Q23 ,654,0.4,0.0,13,20.0,654,True,0.4
5188,5188,8/18/2022,2022-Q23 ,654,0.4,0.1,14,20.0,654,True,0.4123105625617661
5189,5189,8/18/2022,2022-Q23 ,654,0.0,0.1,15,20.4,654,True,0.1
5190,5190,8/18/2022,2022-Q23 ,568,0.0,0.0,18,20.4,568,True,0.0
5191,5191,8/18/2022,2022-Q23 ,568,0.0,0.0,19,20.41,568,True,0.0
5210,5210,8/18/2022,2022-Q24 ,654,0.0,0.0,17,19.9,654,True,0.0
5211,5211,8/18/2022,2022-Q24 ,654,0.1,0.2,18,19.9,654,True,0.223606797749979
5212,5212,8/18/2022,2022-Q24 ,654,0.1,0.3,19,19.9,654,True,0.3162277660168379
5213,5213,8/18/2022,2022-Q24 ,654,0.0,0.0,20,19.9,654,True,0.0
5217,5217,8/20/2022,2022-Q36 ,F51,0.3,0.2,1,20.72,F51,True,0.3605551275463989
5218,5218,8/20/2022,2022-Q36 ,F51,0.1,0.1,2,20.57,F51,True,0.1414213562373095
5219,5219,8/20/2022,2022-Q36 ,F51,0.2,0.0,3,20.8,F51,True,0.2
5230,5230,8/20/2022,2022-Q36 ,654,0.1,0.3,16,20.3,654,True,0.3162277660168379
5231,5231,8/20/2022,2022-Q36 ,654,0.1,0.2,17,20.4,654,True,0.223606797749979
5232,5232,8/20/2022,2022-Q36 ,654,0.2,0.2,18,20.4,654,True,0.282842712474619
5241,5241,8/20/2022,2022-Q37 ,F51,0.4,0.1,7,19.42,F51,True,0.4123105625617661
5253,5253,8/20/2022,2022-Q37 ,654,0.0,0.1,23,19.7,654,True,0.1
5254,5254,8/20/2022,2022-Q37 ,654,0.0,0.3,24,19.7,654,True,0.3
5255,5255,8/20/2022,2022-Q37 ,654,0.0,0.1,25,19.6,654,True,0.1
5272,5272,8/21/2022,2022-Q40 ,654,0.2,0.3,18,19.9,654,True,0.3605551275463989
5273,5273,8/21/2022,2022-Q40 ,654,0.3,0.1,19,19.9,654,True,0.3162277660168379
5274,5274,8/21/2022,2022-Q40 ,654,0.1,0.1,20,19.7,654,True,0.1414213562373095
5275,5275,8/21/2022,2022-Q40 ,654,0.1,0.0,21,19.7,654,True,0.1
5299,5299,8/21/2022,2022-Q43 ,654,0.1,0.0,14,20.5,654,True,0.1
5300,5300,8/21/2022,2022-Q43 ,654,0.2,0.1,15,20.5,654,True,0.223606797749979
5301,5301,8/21/2022,2022-Q43 ,654,0.2,0.1,16,20.5,654,True,0.223606797749979
5302,5302,8/21/2022,2022-Q47 ,F51,0.0,0.1,1,21.05,F51,True,0.1
5303,5303,8/21/2022,2022-Q47 ,F51,0.3,0.3,2,19.88,F51,True,0.4242640687119285
5304,5304,8/21/2022,2022-Q47 ,F51,0.0,0.1,3,20.85,F51,True,0.1
5312,5312,8/21/2022,2022-Q47 ,654,0.1,0.1,12,20.4,654,True,0.1414213562373095
5313,5313,8/21/2022,2022-Q47 ,654,0.1,0.1,13,20.4,654,True,0.1414213562373095
5314,5314,8/21/2022,2022-Q47 ,654,0.1,0.1,14,20.2,654,True,0.1414213562373095
5318,5318,8/21/2022,2022-Q47 ,654,0.2,0.7,19,20.5,654,True,0.7280109889280517
5319,5319,8/21/2022,2022-Q47 ,654,0.0,0.0,20,20.5,654,True,0.0
5320,5320,8/21/2022,2022-Q47 ,654,0.1,0.1,21,20.3,654,True,0.1414213562373095
5321,5321,8/21/2022,2022-Q47 ,654,0.0,0.3,22,20.3,654,True,0.3
5329,5329,8/21/2022,2022-Q50 ,F51,0.1,0.2,4,20.67,F51,True,0.223606797749979
5336,5336,8/21/2022,2022-Q50 ,654,0.0,0.1,11,20.3,654,True,0.1
5337,5337,8/21/2022,2022-Q50 ,654,0.0,0.1,12,20.3,654,True,0.1
5338,5338,8/21/2022,2022-Q50 ,654,0.0,0.0,13,20.4,654,True,0.0
5339,5339,8/21/2022,2022-Q50 ,654,0.1,0.2,14,20.4,654,True,0.223606797749979
5349,5349,8/22/2022,2022-Q51 ,654,0.1,0.0,11,18.4,654,True,0.1
5353,5353,8/22/2022,2022-Q51 ,654,0.1,0.0,15,18.4,654,True,0.1
5354,5354,8/22/2022,2022-Q51 ,654,0.1,0.1,16,18.5,654,True,0.1414213562373095
5371,5371,8/22/2022,2022-Q52 ,F51,0.0,0.0,8,20.48,F51,True,0.0
5372,5372,8/22/2022,2022-Q52 ,F51,0.0,0.1,9,20.59,F51,True,0.1
5373,5373,8/22/2022,2022-Q52 ,F51,0.0,0.3,10,20.95,F51,True,0.3
5377,5377,8/22/2022,2022-Q52 ,654,0.2,0.1,14,20.6,654,True,0.223606797749979
5378,5378,8/22/2022,2022-Q52 ,654,0.2,0.1,15,20.5,654,True,0.223606797749979
5384,5384,8/22/2022,2022-Q52 ,654,0.3,0.0,21,20.5,654,True,0.3
5390,5390,8/22/2022,2022-Q62 ,F51,0.1,0.1,4,20.42,F51,True,0.1414213562373095
5391,5391,8/22/2022,2022-Q62 ,F51,0.0,0.1,5,20.47,F51,True,0.1
5397,5397,8/22/2022,2022-Q62 ,568,0.0,0.1,11,20.69,568,True,0.1
5398,5398,8/22/2022,2022-Q62 ,568,0.0,0.0,12,20.72,568,True,0.0
5399,5399,8/22/2022,2022-Q62 ,568,0.0,0.3,13,20.7,568,True,0.3
5409,5409,8/22/2022,2022-Q62 ,654,0.1,0.1,23,20.9,654,True,0.1414213562373095
5410,5410,8/22/2022,2022-Q62 ,654,0.1,0.3,24,20.9,654,True,0.3162277660168379
5411,5411,8/22/2022,2022-Q62 ,654,0.7,0.1,25,20.9,654,True,0.7071067811865475
5412,5412,8/22/2022,2022-Q62 ,654,0.1,0.3,26,20.9,654,True,0.3162277660168379
5416,5416,8/22/2022,2022-Q63 ,F51,0.3,0.0,4,19.93,F51,True,0.3
5417,5417,8/22/2022,2022-Q63 ,F51,0.1,0.0,5,20.05,F51,True,0.1
5432,5432,8/22/2022,2022-Q63 ,654,0.0,0.0,21,20.0,654,True,0.0
5438,5438,8/22/2022,2022-Q63 ,654,0.0,0.1,27,20.0,654,True,0.1
5439,5439,8/22/2022,2022-Q63 ,654,0.0,0.1,28,20.0,654,True,0.1
5440,5440,8/22/2022,2022-Q63 ,F51,0.3,0.1,29,20.57,F51,True,0.3162277660168379
5441,5441,8/22/2022,2022-Q63 ,F51,0.0,0.1,30,20.47,F51,True,0.1
5442,5442,8/22/2022,2022-Q63 ,F51,0.0,0.1,31,20.66,F51,True,0.1
5460,5460,8/22/2022,2022-Q63 ,654,0.2,0.0,50,19.7,654,True,0.2
5461,5461,8/22/2022,2022-Q63 ,654,0.2,0.1,51,19.7,654,True,0.223606797749979
5462,5462,8/22/2022,2022-Q63 ,654,0.2,0.1,52,19.6,654,True,0.223606797749979
5463,5463,8/22/2022,2022-Q63 ,654,0.1,0.1,53,19.6,654,True,0.1414213562373095
5464,5464,8/23/2022,2022-Q88 ,F51,0.0,0.1,1,20.94,F51,True,0.1
5465,5465,8/23/2022,2022-Q88 ,F51,0.1,0.2,2,21.37,F51,True,0.223606797749979
5466,5466,8/23/2022,2022-Q88 ,F51,0.0,0.0,3,20.63,F51,True,0.0
5481,5481,8/23/2022,2022-Q88 ,654,0.3,0.1,18,20.3,654,True,0.3162277660168379
5482,5482,8/23/2022,2022-Q88 ,654,0.3,0.1,19,20.3,654,True,0.3162277660168379
5483,5483,8/23/2022,2022-Q88 ,654,0.2,0.1,20,20.4,654,True,0.223606797749979
5484,5484,8/23/2022,2022-Q88 ,654,0.0,0.1,21,20.4,654,True,0.1
5485,5485,8/23/2022,2022-Q88 ,654,0.7,0.1,22,20.5,654,True,0.7071067811865475
5486,5486,8/23/2022,2022-Q88 ,654,0.4,0.2,23,20.5,654,True,0.447213595499958
5490,5490,8/23/2022,2022-Q92 ,568,0.0,0.0,4,20.72,568,True,0.0
5491,5491,8/23/2022,2022-Q92 ,568,0.0,0.0,5,20.75,568,True,0.0
5492,5492,8/23/2022,2022-Q92 ,568,0.0,0.0,6,20.61,568,True,0.0
5494,5494,8/23/2022,2022-Q92 ,F51,0.2,0.2,8,20.85,F51,True,0.282842712474619
5496,5496,8/23/2022,2022-Q92 ,F51,0.0,0.0,10,20.82,F51,True,0.0
5498,5498,8/23/2022,2022-Q92 ,F51,0.1,0.0,12,20.88,F51,True,0.1
5503,5503,8/23/2022,2022-Q92 ,654,0.3,0.1,17,20.5,654,True,0.3162277660168379
5504,5504,8/23/2022,2022-Q92 ,654,0.4,0.0,18,20.5,654,True,0.4
5505,5505,8/23/2022,2022-Q92 ,654,0.1,0.0,19,20.8,654,True,0.1
5506,5506,8/23/2022,2022-Q92 ,654,0.2,0.0,20,20.8,654,True,0.2
5507,5507,8/23/2022,2022-Q101,F51,0.7,0.5,1,19.87,F51,True,0.8602325267042626
5508,5508,8/23/2022,2022-Q101,F51,0.1,0.0,2,20.5,F51,True,0.1
5509,5509,8/23/2022,2022-Q101,F51,0.4,0.1,3,20.77,F51,True,0.4123105625617661
5510,5510,8/23/2022,2022-Q101,F51,0.3,1.3,4,,F51,True,1.3341664064126335
5525,5525,8/23/2022,2022-Q101,654,0.5,0.7,19,20.0,654,True,0.8602325267042626
5526,5526,8/23/2022,2022-Q101,654,0.1,0.0,20,20.0,654,True,0.1
5527,5527,8/23/2022,2022-Q101,654,0.1,0.0,21,20.1,654,True,0.1
5528,5528,8/23/2022,2022-Q101,654,0.1,0.0,22,20.1,654,True,0.1
5529,5529,8/23/2022,2022-Q101,654,0.1,0.1,23,20.1,654,True,0.1414213562373095
5530,5530,8/23/2022,2022-Q101,654,0.2,0.1,24,20.1,654,True,0.223606797749979
5562,5562,8/24/2022,2022-Q106,654,0.1,0.1,33,19.5,654,True,0.1414213562373095
5563,5563,8/24/2022,2022-Q106,654,0.2,0.1,34,19.5,654,True,0.223606797749979
5564,5564,8/24/2022,2022-Q106,654,0.1,0.2,35,19.5,654,True,0.223606797749979
5565,5565,8/24/2022,2022-Q106,654,0.0,0.1,36,19.5,654,True,0.1
5566,5566,8/24/2022,2022-Q106,654,0.1,0.1,37,19.4,654,True,0.1414213562373095
5584,5584,8/24/2022,2022-Q108,654,0.0,0.1,21,20.7,654,True,0.1
5585,5585,8/24/2022,2022-Q108,654,0.1,0.2,22,20.7,654,True,0.223606797749979
5618,5618,8/24/2022,2022-Q110,654,0.1,0.1,40,19.1,654,True,0.1414213562373095
5624,5624,8/26/2022,2022-Q133,F51,0.1,0.0,4,20.77,F51,True,0.1
5625,5625,8/26/2022,2022-Q133,F51,0.0,0.0,5,20.88,F51,True,0.0
5635,5635,8/26/2022,2022-Q133,568,0.0,0.0,17,20.82,568,True,0.0
5636,5636,8/26/2022,2022-Q133,568,0.0,0.0,18,20.81,568,True,0.0
5637,5637,8/26/2022,2022-Q133,654,0.1,0.1,20,20.9,654,True,0.1414213562373095
5638,5638,8/26/2022,2022-Q133,654,0.1,0.1,21,20.9,654,True,0.1414213562373095
5639,5639,8/26/2022,2022-Q133,654,0.0,0.4,22,21.0,654,True,0.4
5682,5682,8/26/2022,2022-Q134,654,0.0,0.0,45,18.3,654,True,0.0
5683,5683,8/26/2022,2022-Q134,654,0.1,0.0,46,18.5,654,True,0.1
5684,5684,8/26/2022,2022-Q134,654,0.2,0.1,47,18.4,654,True,0.223606797749979
5685,5685,8/27/2022,2022-Q135,F51,0.1,0.1,1,19.74,F51,True,0.1414213562373095
5686,5686,8/27/2022,2022-Q135,F51,0.1,0.1,2,,F51,True,0.1414213562373095
5687,5687,8/27/2022,2022-Q135,F51,0.3,0.1,3,19.95,F51,True,0.3162277660168379
5688,5688,8/27/2022,2022-Q135,F51,0.4,0.2,4,19.91,F51,True,0.447213595499958
5689,5689,8/27/2022,2022-Q135,F51,0.1,0.1,5,19.8,F51,True,0.1414213562373095
5690,5690,8/27/2022,2022-Q135,F51,0.1,0.1,6,19.65,F51,True,0.1414213562373095
5691,5691,8/27/2022,2022-Q135,F51,0.2,0.1,7,19.6,F51,True,0.223606797749979
5692,5692,8/27/2022,2022-Q135,F51,0.2,0.1,8,19.7,F51,True,0.223606797749979
5715,5715,8/27/2022,2022-Q135,654,0.2,0.0,31,19.8,654,True,0.2
5716,5716,8/27/2022,2022-Q135,654,0.1,0.1,32,19.9,654,True,0.1414213562373095
5717,5717,8/27/2022,2022-Q135,654,0.0,0.1,33,19.8,654,True,0.1
5718,5718,8/27/2022,2022-Q135,F51,0.1,0.1,34,19.7,F51,True,0.1414213562373095
5719,5719,8/27/2022,2022-Q135,F51,0.3,0.2,35,,F51,True,0.3605551275463989
5732,5732,8/27/2022,2022-Q136,F51,0.2,0.1,4,20.45,F51,True,0.223606797749979
5733,5733,8/27/2022,2022-Q136,F51,0.0,0.1,5,20.53,F51,True,0.1
5740,5740,8/27/2022,2022-Q136,654,0.1,0.1,12,20.4,654,True,0.1414213562373095
5741,5741,8/27/2022,2022-Q136,654,0.1,0.0,13,20.4,654,True,0.1
5742,5742,8/27/2022,2022-Q136,654,0.1,0.1,14,20.5,654,True,0.1414213562373095
5743,5743,8/27/2022,2022-Q136,654,0.2,0.0,15,20.5,654,True,0.2
5744,5744,8/27/2022,2022-Q136,654,0.0,0.0,16,20.5,654,True,0.0
5745,5745,8/27/2022,2022-Q136,654,0.1,0.1,17,20.5,654,True,0.1414213562373095
5769,5769,8/27/2022,2022-Q140,654,0.0,0.2,21,19.1,654,True,0.2
5770,5770,8/27/2022,2022-Q140,654,0.1,0.2,22,19.1,654,True,0.223606797749979
5776,5776,8/28/2022,2022-Q148,F51,0.1,0.0,4,19.28,F51,True,0.1
5777,5777,8/28/2022,2022-Q148,F51,0.1,0.1,5,19.37,F51,True,0.1414213562373095
5806,5806,8/28/2022,2022-Q148,654,0.0,0.2,34,19.6,654,True,0.2
5807,5807,8/28/2022,2022-Q148,654,0.0,0.1,35,19.6,654,True,0.1
5808,5808,8/28/2022,2022-Q148,654,0.0,0.2,36,19.6,654,True,0.2
5809,5809,8/28/2022,2022-Q148,654,0.0,0.1,37,19.6,654,True,0.1
5817,5817,8/28/2022,2022-Q150,F51,0.0,0.0,1,20.86,F51,True,0.0
5818,5818,8/28/2022,2022-Q150,F51,0.1,0.0,2,20.9,F51,True,0.1
5819,5819,8/28/2022,2022-Q150,F51,0.0,0.0,3,20.82,F51,True,0.0
5820,5820,8/28/2022,2022-Q150,F51,0.1,0.0,4,20.51,F51,True,0.1
5821,5821,8/28/2022,2022-Q150,F51,0.0,0.0,5,20.56,F51,True,0.0
5829,5829,8/28/2022,2022-Q150,F51,0.1,0.0,14,20.58,F51,True,0.1
5830,5830,8/28/2022,2022-Q150,F51,0.1,0.0,15,20.69,F51,True,0.1
5834,5834,8/28/2022,2022-Q150,654,0.1,0.0,21,20.5,654,True,0.1
5835,5835,8/28/2022,2022-Q150,654,0.0,0.1,22,20.6,654,True,0.1
5836,5836,8/30/2022,2022-Q183,F51,0.0,0.1,1,20.06,F51,True,0.1
5837,5837,8/30/2022,2022-Q183,F51,0.0,0.0,2,20.18,F51,True,0.0
5838,5838,8/30/2022,2022-Q183,F51,0.1,0.0,3,20.25,F51,True,0.1
5839,5839,8/30/2022,2022-Q183,F51,0.0,0.2,4,19.99,F51,True,0.2
5840,5840,8/30/2022,2022-Q183,F51,0.0,0.0,5,19.78,F51,True,0.0
5849,5849,8/30/2022,2022-Q183,654,0.5,0.1,15,19.8,654,True,0.5099019513592785
5850,5850,8/30/2022,2022-Q183,654,0.7,0.2,17,19.8,654,True,0.7280109889280517
5851,5851,8/30/2022,2022-Q183,568,0.0,0.0,18,19.78,568,True,0.0
5852,5852,8/30/2022,2022-Q183,568,0.0,0.0,19,19.96,568,True,0.0
5853,5853,8/30/2022,2022-Q183,568,0.0,0.0,20,20.23,568,True,0.0
5881,5881,8/30/2022,2022-Q190,654,0.1,0.3,26,19.4,654,True,0.3162277660168379
5882,5882,8/30/2022,2022-Q190,654,0.1,0.2,27,19.4,654,True,0.223606797749979
5883,5883,8/30/2022,2022-Q190,654,0.0,0.0,28,20.3,654,True,0.0
5884,5884,8/30/2022,2022-Q190,654,0.0,0.0,29,20.3,654,True,0.0
5933,5933,8/30/2022,2022-Q194,654,0.0,0.1,20,20.3,654,True,0.1
5934,5934,8/30/2022,2022-Q194,654,0.1,0.2,21,20.3,654,True,0.223606797749979
5935,5935,8/30/2022,2022-Q194,654,0.2,0.1,22,20.2,654,True,0.223606797749979
5936,5936,8/30/2022,2022-Q194,654,0.2,0.1,23,20.2,654,True,0.223606797749979
5937,5937,8/30/2022,2022-Q194,654,0.1,0.3,24,20.2,654,True,0.3162277660168379
5938,5938,8/30/2022,2022-Q194,654,0.1,0.1,25,20.2,654,True,0.1414213562373095
5939,5939,8/30/2022,2022-Q194,568,0.0,0.0,26,20.3,568,True,0.0
5940,5940,8/30/2022,2022-Q194,568,0.0,0.0,27,20.23,568,True,0.0
5941,5941,8/30/2022,2022-Q194,568,0.0,0.0,28,20.26,568,True,0.0
5963,5963,8/30/2022,2022-Q195,654,0.9,0.4,18,20.6,654,True,0.9848857801796104
5964,5964,8/30/2022,2022-Q195,654,0.8,0.2,19,20.6,654,True,0.8246211251235323
5965,5965,8/30/2022,2022-Q195,654,0.7,0.2,20,20.2,654,True,0.7280109889280517
5966,5966,8/30/2022,2022-Q195,654,0.5,0.3,21,20.2,654,True,0.58309518948453
5967,5967,8/30/2022,2022-Q195,654,0.3,0.0,22,20.3,654,True,0.3
5968,5968,8/30/2022,2022-Q195,654,0.2,0.1,23,20.3,654,True,0.223606797749979
5971,5971,9/2/2022,2022-R23 ,F51,0.0,0.0,3,21.6,F51,True,0.0
5972,5972,9/2/2022,2022-R23 ,F51,0.3,0.1,4,21.63,F51,True,0.3162277660168379
5973,5973,9/2/2022,2022-R23 ,F51,0.2,0.1,5,21.76,F51,True,0.223606797749979
5974,5974,9/2/2022,2022-R23 ,F51,0.0,0.1,6,21.44,F51,True,0.1
5985,5985,9/2/2022,2022-R23 ,654,0.2,0.1,19,20.9,654,True,0.223606797749979
5986,5986,9/2/2022,2022-R23 ,654,0.2,0.1,20,20.9,654,True,0.223606797749979
5987,5987,9/2/2022,2022-R23 ,654,0.0,0.1,21,20.9,654,True,0.1
5990,5990,9/2/2022,2022-R24 ,F51,0.1,0.3,1,22.17,F51,True,0.3162277660168379
5991,5991,9/2/2022,2022-R24 ,F51,0.1,0.1,2,21.87,F51,True,0.1414213562373095
5992,5992,9/2/2022,2022-R24 ,F51,0.0,0.2,3,22.16,F51,True,0.2
6006,6006,9/2/2022,2022-R24 ,654,0.1,0.0,19,20.6,654,True,0.1
6007,6007,9/2/2022,2022-R24 ,654,0.0,0.1,20,20.9,654,True,0.1
6008,6008,9/2/2022,2022-R24 ,654,0.1,0.0,21,20.9,654,True,0.1
6009,6009,9/2/2022,2022-R24 ,F51,0.1,0.1,22,20.68,F51,True,0.1414213562373095
6010,6010,9/2/2022,2022-R24 ,F51,0.0,0.1,23,20.7,F51,True,0.1
6029,6029,9/2/2022,2022-R32 ,654,0.1,0.0,20,19.3,654,True,0.1
6030,6030,9/2/2022,2022-R32 ,654,0.1,0.0,21,19.3,654,True,0.1
6031,6031,9/2/2022,2022-R32 ,654,0.1,0.0,22,19.2,654,True,0.1
6080,6080,9/3/2022,2022-R57 ,654,0.2,0.0,51,18.1,654,True,0.2
6081,6081,9/3/2022,2022-R57 ,654,0.1,0.0,52,18.1,654,True,0.1
6082,6082,9/3/2022,2022-R57 ,654,0.2,0.0,53,18.0,654,True,0.2
6083,6083,9/3/2022,2022-R58 ,F51,0.0,0.0,1,20.78,F51,True,0.0
6084,6084,9/3/2022,2022-R58 ,F51,0.0,0.0,2,20.96,F51,True,0.0
6085,6085,9/3/2022,2022-R58 ,F51,0.0,0.0,3,20.99,F51,True,0.0
6105,6105,9/3/2022,2022-R58 ,654,0.0,0.2,27,20.7,654,True,0.2
6106,6106,9/3/2022,2022-R58 ,654,0.0,0.0,28,20.7,654,True,0.0
6107,6107,9/3/2022,2022-R58 ,654,0.0,0.0,29,20.7,654,True,0.0
6108,6108,9/3/2022,2022-R58 ,568,0.1,0.0,31,20.65,568,True,0.1
6112,6112,9/4/2022,2022-R75 ,F51,0.0,0.0,4,19.72,F51,True,0.0
6113,6113,9/4/2022,2022-R75 ,F51,0.2,0.1,5,19.84,F51,True,0.223606797749979
6121,6121,9/4/2022,2022-R75 ,654,0.3,0.0,15,20.0,654,True,0.3
6122,6122,9/4/2022,2022-R75 ,654,0.2,0.0,16,20.0,654,True,0.2
6123,6123,9/4/2022,2022-R75 ,568,0.0,0.1,17,20.13,568,True,0.1
6124,6124,9/4/2022,2022-R75 ,568,0.0,0.0,18,20.1,568,True,0.0
6125,6125,9/4/2022,2022-R75 ,568,0.0,0.0,19,20.09,568,True,0.0
6126,6126,9/4/2022,2022-R75 ,568,0.0,0.0,20,20.06,568,True,0.0
6127,6127,9/4/2022,2022-R76 ,F51,0.2,0.2,1,20.82,F51,True,0.282842712474619
6128,6128,9/4/2022,2022-R76 ,F51,0.0,0.1,2,21.03,F51,True,0.1
6129,6129,9/4/2022,2022-R76 ,F51,0.4,0.2,3,20.95,F51,True,0.447213595499958
6130,6130,9/4/2022,2022-R76 ,F51,0.0,0.0,4,20.67,F51,True,0.0
6131,6131,9/4/2022,2022-R76 ,F51,0.3,0.1,5,21.09,F51,True,0.3162277660168379
6135,6135,9/4/2022,2022-R76 ,568,0.0,0.1,10,21.29,568,True,0.1
6136,6136,9/4/2022,2022-R76 ,568,0.0,0.1,11,20.58,568,True,0.1
6137,6137,9/4/2022,2022-R76 ,F51,0.3,0.2,13,20.76,F51,True,0.3605551275463989
6138,6138,9/4/2022,2022-R76 ,F51,0.0,0.1,14,21.28,F51,True,0.1
6139,6139,9/4/2022,2022-R76 ,654,0.0,0.0,15,20.9,654,True,0.0
6140,6140,9/4/2022,2022-R76 ,654,0.0,0.0,16,21.1,654,True,0.0
6141,6141,9/4/2022,2022-R76 ,654,0.0,0.1,17,20.9,654,True,0.1
6145,6145,9/5/2022,2022-R82 ,568,0.0,0.1,4,20.14,568,True,0.1
6146,6146,9/5/2022,2022-R82 ,568,0.1,0.3,5,19.03,568,True,0.3162277660168379
6147,6147,9/5/2022,2022-R82 ,568,0.0,0.1,6,19.98,568,True,0.1
6148,6148,9/5/2022,2022-R82 ,F51,0.1,0.2,7,19.89,F51,True,0.223606797749979
6149,6149,9/5/2022,2022-R82 ,F51,0.2,0.1,8,20.19,F51,True,0.223606797749979
6163,6163,9/5/2022,2022-R82 ,654,0.1,0.0,23,20.0,654,True,0.1
6164,6164,9/5/2022,2022-R82 ,654,0.3,0.1,25,19.7,654,True,0.3162277660168379
6165,6165,9/5/2022,2022-R82 ,568,0.0,0.1,26,19.78,568,True,0.1
6166,6166,9/5/2022,2022-R82 ,654,0.0,0.1,27,19.5,654,True,0.1
6167,6167,9/5/2022,2022-R82 ,568,0.0,0.1,28,19.78,568,True,0.1
6168,6168,9/5/2022,2022-R82 ,568,0.0,0.1,29,19.69,568,True,0.1
6227,6227,9/17/2022,2022-S05 ,654,0.0,0.0,55,18.9,654,True,0.0
6228,6228,9/17/2022,2022-S05 ,654,0.1,0.0,56,18.9,654,True,0.1
6234,6234,9/17/2022,2022-S05 ,654,0.1,0.1,62,18.9,654,True,0.1414213562373095
6238,6238,9/17/2022,2022-S05 ,F51,0.0,0.1,66,18.87,F51,True,0.1
6239,6239,9/17/2022,2022-S05 ,F51,0.1,0.1,67,18.9,F51,True,0.1414213562373095
6240,6240,9/17/2022,2022-S05 ,F51,0.1,0.0,68,18.91,F51,True,0.1
6290,6290,9/17/2022,2022-S09 ,654,0.0,0.0,38,19.5,654,True,0.0
6291,6291,9/17/2022,2022-S09 ,654,0.0,0.1,39,19.5,654,True,0.1
6292,6292,9/17/2022,2022-S09 ,654,0.1,0.1,40,19.8,654,True,0.1414213562373095
6293,6293,9/17/2022,2022-S09 ,654,0.2,0.1,41,19.8,654,True,0.223606797749979
6325,6325,9/17/2022,2022-S14 ,654,0.2,0.0,32,19.6,654,True,0.2
6326,6326,9/17/2022,2022-S14 ,654,0.1,0.0,33,19.6,654,True,0.1
6327,6327,9/17/2022,2022-S14 ,654,0.3,0.0,34,19.6,654,True,0.3
6328,6328,9/17/2022,2022-S14 ,654,0.3,0.0,35,19.6,654,True,0.3
6353,6353,9/18/2022,2022-S25 ,654,0.2,0.2,25,18.8,654,True,0.282842712474619
6354,6354,9/18/2022,2022-S25 ,654,0.1,0.2,26,18.8,654,True,0.223606797749979
6398,6398,9/20/2022,2022-S97 ,654,0.0,0.0,30,20.0,654,True,0.0
6399,6399,9/20/2022,2022-S97 ,654,0.1,0.0,31,20.1,654,True,0.1
6414,6414,9/20/2022,2022-S98 ,654,0.0,0.0,14,19.8,654,True,0.0
6415,6415,9/20/2022,2022-S98 ,654,0.1,0.2,15,19.8,654,True,0.223606797749979
6416,6416,9/20/2022,2022-S98 ,654,0.1,0.0,17,19.9,654,True,0.1
6423,6423,9/24/2022,2022-S215,F51,0.1,0.1,4,19.95,F51,True,0.1414213562373095
6424,6424,9/24/2022,2022-S215,F51,0.3,0.1,5,20.02,F51,True,0.3162277660168379
6442,6442,9/24/2022,2022-S215,654,0.2,0.1,27,20.2,654,True,0.223606797749979
6445,6445,9/25/2022,2022-S221,F51,0.0,0.0,1,21.34,F51,True,0.0
6446,6446,9/25/2022,2022-S221,F51,0.0,0.0,2,20.98,F51,True,0.0
6447,6447,9/25/2022,2022-S221,F51,0.0,0.0,3,21.12,F51,True,0.0
6448,6448,9/25/2022,2022-S221,F51,0.0,0.0,4,21.25,F51,True,0.0
6449,6449,9/25/2022,2022-S221,F51,0.0,0.1,5,21.02,F51,True,0.1
6453,6453,9/25/2022,2022-S221,654,0.4,0.1,9,20.8,654,True,0.4123105625617661
6454,6454,9/25/2022,2022-S221,654,0.1,0.1,10,20.6,654,True,0.1414213562373095
6455,6455,9/25/2022,2022-S221,654,0.1,0.1,11,20.9,654,True,0.1414213562373095
6462,6462,9/25/2022,2022-S236,F51,0.1,0.1,1,20.55,F51,True,0.1414213562373095
6463,6463,9/25/2022,2022-S236,F51,0.2,0.1,2,20.65,F51,True,0.223606797749979
6464,6464,9/25/2022,2022-S236,F51,0.1,0.0,3,20.71,F51,True,0.1
6465,6465,9/25/2022,2022-S236,F51,0.1,0.1,4,20.56,F51,True,0.1414213562373095
6468,6468,9/25/2022,2022-S236,F51,0.3,0.5,8,20.29,F51,True,0.58309518948453
6469,6469,9/25/2022,2022-S236,F51,0.1,0.1,9,20.47,F51,True,0.1414213562373095
6474,6474,9/25/2022,2022-S236,654,0.0,0.1,15,20.5,654,True,0.1
6475,6475,9/25/2022,2022-S236,654,0.1,0.0,16,20.4,654,True,0.1
6476,6476,9/25/2022,2022-S236,654,0.0,0.0,17,20.2,654,True,0.0
6477,6477,9/25/2022,2022-S236,654,0.0,0.1,18,20.7,654,True,0.1
6478,6478,9/25/2022,2022-S236,654,0.0,0.0,19,20.5,654,True,0.0
6479,6479,9/25/2022,2022-S236,654,0.2,0.2,20,20.3,654,True,0.282842712474619
6497,6497,9/26/2022,2022-S247,654,0.1,0.0,18,21.1,654,True,0.1
6498,6498,9/26/2022,2022-S247,654,0.0,0.1,19,20.3,654,True,0.1
6499,6499,9/26/2022,2022-S247,654,0.1,0.0,20,21.1,654,True,0.1
6524,6524,9/27/2022,2022-S274,654,0.1,0.0,24,20.6,654,True,0.1
6525,6525,9/27/2022,2022-S274,654,0.1,0.1,25,20.6,654,True,0.1414213562373095
6530,6530,9/27/2022,2022-S294,F51,0.4,0.6,1,20.62,F51,True,0.7211102550927979
6531,6531,9/27/2022,2022-S294,F51,0.1,0.1,2,20.24,F51,True,0.1414213562373095
6532,6532,9/27/2022,2022-S294,F51,0.1,0.0,3,20.3,F51,True,0.1
6533,6533,9/27/2022,2022-S294,F51,0.1,0.0,4,20.18,F51,True,0.1
6554,6554,9/27/2022,2022-S294,654,0.1,0.1,27,20.1,654,True,0.1414213562373095
6555,6555,9/27/2022,2022-S294,654,0.0,0.0,28,20.2,654,True,0.0
6556,6556,9/27/2022,2022-S294,654,0.1,0.0,29,20.1,654,True,0.1
6557,6557,9/29/2022,2022-S332,F51,0.1,0.0,1,20.86,F51,True,0.1
6558,6558,9/29/2022,2022-S332,F51,0.1,0.0,2,20.55,F51,True,0.1
6559,6559,9/29/2022,2022-S332,F51,0.0,0.0,3,20.72,F51,True,0.0
6560,6560,9/29/2022,2022-S332,F51,0.0,0.0,4,20.71,F51,True,0.0
6561,6561,9/29/2022,2022-S332,F51,0.0,0.0,5,20.59,F51,True,0.0
6562,6562,9/29/2022,2022-S332,F51,0.0,0.0,6,20.42,F51,True,0.0
6575,6575,9/29/2022,2022-S332,654,0.1,0.0,21,20.4,654,True,0.1
6576,6576,9/29/2022,2022-S332,654,0.0,0.0,22,20.6,654,True,0.0
6577,6577,9/29/2022,2022-S332,654,0.1,0.0,23,20.7,654,True,0.1
6612,6612,9/29/2022,2022-S340,654,0.1,0.0,35,20.5,654,True,0.1
6613,6613,9/29/2022,2022-S340,654,0.1,0.1,36,20.5,654,True,0.1414213562373095
6614,6614,9/29/2022,2022-S340,654,0.1,0.1,37,20.5,654,True,0.1414213562373095
6622,6622,9/29/2022,2022-S355,F51,0.0,0.0,1,20.89,F51,True,0.0
6623,6623,9/29/2022,2022-S355,F51,0.1,0.1,2,21.29,F51,True,0.1414213562373095
6624,6624,9/29/2022,2022-S355,F51,0.2,0.1,3,21.2,F51,True,0.223606797749979
6625,6625,9/29/2022,2022-S355,F51,0.1,0.0,4,20.24,F51,True,0.1
6626,6626,9/29/2022,2022-S355,F51,0.1,0.0,5,21.09,F51,True,0.1
6641,6641,9/29/2022,2022-S355,654,0.1,0.0,20,20.5,654,True,0.1
6642,6642,9/29/2022,2022-S355,654,0.0,0.0,21,20.6,654,True,0.0
6643,6643,9/29/2022,2022-S355,654,0.1,0.0,22,20.5,654,True,0.1
6668,6668,9/29/2022,2022-S358,654,0.1,0.3,19,20.7,654,True,0.3162277660168379
6669,6669,9/29/2022,2022-S358,654,0.0,0.3,21,20.6,654,True,0.3
6691,6691,10/3/2022,2022-T34 ,654,0.1,0.2,17,20.5,654,True,0.223606797749979
6692,6692,10/3/2022,2022-T34 ,654,0.1,0.0,18,20.5,654,True,0.1
6693,6693,10/3/2022,2022-T34 ,654,0.2,0.0,19,20.4,654,True,0.2
6696,6696,10/3/2022,2022-T34 ,654,0.0,0.0,22,20.4,654,True,0.0
6709,6709,10/3/2022,2022-T35 ,F51,0.0,0.0,1,21.08,F51,True,0.0
6710,6710,10/3/2022,2022-T35 ,F51,0.0,0.1,2,20.91,F51,True,0.1
6711,6711,10/3/2022,2022-T35 ,F51,0.1,0.0,3,20.99,F51,True,0.1
6712,6712,10/3/2022,2022-T35 ,F51,0.0,0.0,4,20.97,F51,True,0.0
6717,6717,10/3/2022,2022-T35 ,654,0.2,0.0,9,20.6,654,True,0.2
6719,6719,10/3/2022,2022-T35 ,654,0.0,0.1,11,20.4,654,True,0.1
6720,6720,10/3/2022,2022-T35 ,654,0.1,0.1,12,20.5,654,True,0.1414213562373095
6729,6729,10/3/2022,2022-T42 ,F51,1.2,1.7,1,20.5,F51,True,2.080865204668481
6730,6730,10/3/2022,2022-T42 ,F51,0.0,0.1,2,20.28,F51,True,0.1
6731,6731,10/3/2022,2022-T42 ,F51,0.1,0.0,3,20.12,F51,True,0.1
6732,6732,10/3/2022,2022-T42 ,F51,0.1,0.1,4,,F51,True,0.1414213562373095
6741,6741,10/3/2022,2022-T42 ,654,0.1,0.0,13,20.5,654,True,0.1
6742,6742,10/3/2022,2022-T42 ,654,0.1,0.0,14,20.4,654,True,0.1
6743,6743,10/3/2022,2022-T42 ,654,0.2,0.1,15,20.5,654,True,0.223606797749979
6766,6766,10/4/2022,2022-T51 ,654,0.3,0.3,21,20.2,654,True,0.4242640687119285
6767,6767,10/4/2022,2022-T51 ,654,0.2,0.3,22,20.1,654,True,0.3605551275463989
6770,6770,10/4/2022,2022-T53 ,F51,0.0,0.3,1,21.49,F51,True,0.3
6771,6771,10/4/2022,2022-T53 ,F51,0.2,0.3,2,21.35,F51,True,0.3605551275463989
6772,6772,10/4/2022,2022-T53 ,F51,0.1,0.1,3,21.28,F51,True,0.1414213562373095
6778,6778,10/4/2022,2022-T53 ,654,0.0,0.3,10,21.3,654,True,0.3
6779,6779,10/4/2022,2022-T53 ,654,0.0,0.1,11,21.1,654,True,0.1
6780,6780,10/4/2022,2022-T53 ,654,0.1,0.2,12,21.1,654,True,0.223606797749979
6835,6835,10/4/2022,2022-T67 ,654,0.0,0.1,50,18.7,654,True,0.1
6836,6836,10/4/2022,2022-T67 ,654,0.0,0.1,51,18.7,654,True,0.1
6837,6837,10/4/2022,2022-T67 ,654,0.0,0.0,52,18.8,654,True,0.0
6838,6838,10/4/2022,2022-T67 ,654,0.0,0.1,53,18.8,654,True,0.1
6857,6857,10/5/2022,2022-T81 ,654,0.1,0.0,17,20.8,654,True,0.1
6858,6858,10/5/2022,2022-T81 ,654,0.0,0.0,18,21.0,654,True,0.0
6859,6859,10/5/2022,2022-T81 ,654,0.1,0.1,19,21.1,654,True,0.1414213562373095
6872,6872,10/5/2022,2022-T85 ,F51,0.0,0.1,4,21.55,F51,True,0.1
6873,6873,10/5/2022,2022-T85 ,F51,0.0,0.1,5,21.77,F51,True,0.1
6874,6874,10/5/2022,2022-T85 ,F51,0.1,0.1,6,21.64,F51,True,0.1414213562373095
6875,6875,10/5/2022,2022-T85 ,F51,0.0,0.0,8,21.31,F51,True,0.0
6876,6876,10/5/2022,2022-T85 ,568,0.0,0.0,9,21.04,568,True,0.0
6877,6877,10/5/2022,2022-T85 ,568,0.0,0.0,10,21.11,568,True,0.0
6878,6878,10/5/2022,2022-T85 ,568,0.0,0.0,11,21.18,568,True,0.0
6881,6881,10/5/2022,2022-T85 ,654,0.1,0.0,15,21.3,654,True,0.1
6882,6882,10/5/2022,2022-T85 ,654,0.0,0.2,16,21.2,654,True,0.2
6883,6883,10/5/2022,2022-T85 ,568,0.0,0.0,18,21.19,568,True,0.0
6884,6884,10/5/2022,2022-T85 ,568,0.0,0.0,19,21.11,568,True,0.0
6895,6895,10/7/2022,2022-T104,654,0.0,0.0,12,21.5,654,True,0.0
6896,6896,10/7/2022,2022-T104,654,0.0,0.0,13,21.5,654,True,0.0
6897,6897,10/7/2022,2022-T104,654,0.1,0.0,14,21.4,654,True,0.1
6898,6898,10/7/2022,2022-T104,654,0.0,0.0,15,21.4,654,True,0.0
6899,6899,10/7/2022,2022-T104,568,0.0,0.1,17,21.33,568,True,0.1
6900,6900,10/7/2022,2022-T104,568,0.0,0.0,18,21.28,568,True,0.0
6952,6952,10/17/2022,2022-U14 ,654,0.1,0.0,49,18.1,654,True,0.1
6959,6959,10/17/2022,2022-U14 ,654,0.0,0.0,56,18.2,654,True,0.0
6960,6960,10/17/2022,2022-U14 ,654,0.0,0.0,57,18.0,654,True,0.0
6961,6961,10/17/2022,2022-U14 ,F51,0.1,0.0,58,,F51,True,0.1
6962,6962,10/17/2022,2022-U14 ,F51,0.0,0.0,59,17.81,F51,True,0.0
6963,6963,10/17/2022,2022-U14 ,F51,0.1,0.1,60,18.04,F51,True,0.1414213562373095
6964,6964,10/17/2022,2022-U14 ,F51,0.0,0.0,61,18.06,F51,True,0.0
6965,6965,10/17/2022,2022-U14 ,F51,0.2,0.0,62,17.92,F51,True,0.2
6966,6966,10/17/2022,2022-U14 ,F51,0.3,0.0,63,17.92,F51,True,0.3
6967,6967,10/17/2022,2022-U14 ,F51,0.0,0.0,64,,F51,True,0.0
6968,6968,10/17/2022,2022-U14 ,F51,0.3,0.0,65,18.06,F51,True,0.3
6993,6993,10/17/2022,2022-U21 ,F51,0.1,0.1,1,19.77,F51,True,0.1414213562373095
6994,6994,10/17/2022,2022-U21 ,F51,0.0,0.0,2,19.63,F51,True,0.0
6995,6995,10/17/2022,2022-U21 ,F51,0.1,0.1,3,,F51,True,0.1414213562373095
6996,6996,10/17/2022,2022-U21 ,F51,0.1,0.0,4,19.69,F51,True,0.1
6997,6997,10/17/2022,2022-U21 ,F51,0.4,0.1,5,19.77,F51,True,0.4123105625617661
6998,6998,10/17/2022,2022-U21 ,F51,0.3,0.1,6,,F51,True,0.3162277660168379
7009,7009,10/17/2022,2022-U21 ,654,0.1,0.0,17,19.7,654,True,0.1
7014,7014,10/17/2022,2022-U21 ,654,0.0,0.0,22,19.7,654,True,0.0
7015,7015,10/17/2022,2022-U21 ,654,0.1,0.1,23,19.7,654,True,0.1414213562373095
7016,7016,10/17/2022,2022-U21 ,654,0.1,0.0,24,19.7,654,True,0.1
7023,7023,10/18/2022,2022-U25 ,F51,0.0,0.0,5,19.03,F51,True,0.0
7024,7024,10/18/2022,2022-U25 ,F51,0.0,0.0,6,19.44,F51,True,0.0
7034,7034,10/18/2022,2022-U25 ,654,0.1,0.0,18,18.9,654,True,0.1
7035,7035,10/18/2022,2022-U25 ,654,0.1,0.0,19,18.9,654,True,0.1
7036,7036,10/18/2022,2022-U25 ,654,0.1,0.0,20,19.4,654,True,0.1
7037,7037,10/18/2022,2022-U25 ,654,0.1,0.0,21,19.4,654,True,0.1
7040,7040,10/18/2022,2022-U32 ,F51,0.6,0.1,1,20.22,F51,True,0.6082762530298219
7041,7041,10/18/2022,2022-U32 ,F51,0.1,0.1,2,21.12,F51,True,0.1414213562373095
7042,7042,10/18/2022,2022-U32 ,F51,0.2,0.1,3,19.92,F51,True,0.223606797749979
7048,7048,10/18/2022,2022-U32 ,F51,0.1,0.0,9,19.38,F51,True,0.1
7049,7049,10/18/2022,2022-U32 ,F51,0.1,0.0,10,19.48,F51,True,0.1
7050,7050,10/18/2022,2022-U32 ,F51,0.0,0.0,11,19.86,F51,True,0.0
7087,7087,10/18/2022,2022-U32 ,654,0.1,0.0,48,19.4,654,True,0.1
7088,7088,10/18/2022,2022-U32 ,654,0.1,0.0,49,19.3,654,True,0.1
7089,7089,10/18/2022,2022-U32 ,654,0.1,0.1,50,19.1,654,True,0.1414213562373095
7127,7127,10/18/2022,2022-U33 ,654,0.2,0.0,44,19.8,654,True,0.2
7149,7149,10/19/2022,2022-U73 ,654,0.0,0.2,20,20.2,654,True,0.2
7151,7151,10/19/2022,2022-U73 ,654,0.0,0.2,22,20.1,654,True,0.2
7153,7153,10/19/2022,2022-U73 ,654,0.1,0.3,24,20.2,654,True,0.3162277660168379
7160,7160,10/20/2022,2022-U80 ,F51,0.0,0.1,5,19.4,F51,True,0.1
7161,7161,10/20/2022,2022-U80 ,F51,0.0,0.0,6,19.5,F51,True,0.0
7170,7170,10/20/2022,2022-U80 ,654,0.0,0.2,16,19.0,654,True,0.2
7171,7171,10/20/2022,2022-U80 ,654,0.1,0.2,17,19.1,654,True,0.223606797749979
7172,7172,10/20/2022,2022-U80 ,654,0.1,0.2,19,18.9,654,True,0.223606797749979
7173,7173,10/20/2022,2022-U80 ,F51,0.0,0.0,20,18.76,F51,True,0.0
7174,7174,10/20/2022,2022-U80 ,F51,0.0,0.0,21,18.76,F51,True,0.0
7183,7183,10/20/2022,2022-U96 ,F51,0.1,0.1,4,19.11,F51,True,0.1414213562373095
7184,7184,10/20/2022,2022-U96 ,F51,0.2,0.1,5,19.23,F51,True,0.223606797749979
7192,7192,10/20/2022,2022-U96 ,654,0.0,0.1,14,19.2,654,True,0.1
7193,7193,10/20/2022,2022-U96 ,654,0.0,0.0,15,19.1,654,True,0.0
7194,7194,10/20/2022,2022-U96 ,654,0.1,0.1,17,19.2,654,True,0.1414213562373095
7195,7195,10/20/2022,2022-U96 ,F51,0.0,0.0,18,18.94,F51,True,0.0
7196,7196,10/20/2022,2022-U96 ,F51,0.0,0.1,19,19.04,F51,True,0.1
7216,7216,10/20/2022,2022-U98 ,654,0.0,0.1,17,20.1,654,True,0.1
7217,7217,10/20/2022,2022-U98 ,654,0.1,0.0,18,21.1,654,True,0.1
7218,7218,10/20/2022,2022-U98 ,654,0.0,0.0,19,20.4,654,True,0.0
7230,7230,10/20/2022,2022-U101,F51,0.0,0.0,1,20.08,F51,True,0.0
7231,7231,10/20/2022,2022-U101,F51,0.2,0.2,2,20.47,F51,True,0.282842712474619
7232,7232,10/20/2022,2022-U101,F51,0.0,0.0,3,20.24,F51,True,0.0
7233,7233,10/20/2022,2022-U101,F51,0.0,0.0,4,20.19,F51,True,0.0
7234,7234,10/20/2022,2022-U101,F51,0.1,0.1,5,20.09,F51,True,0.1414213562373095
7238,7238,10/20/2022,2022-U101,654,0.1,0.2,10,20.1,654,True,0.223606797749979
7239,7239,10/20/2022,2022-U101,654,0.1,0.3,11,20.1,654,True,0.3162277660168379
7240,7240,10/20/2022,2022-U101,654,0.1,0.3,13,20.3,654,True,0.3162277660168379
7243,7243,10/20/2022,2022-U126,F51,0.0,0.0,1,20.34,F51,True,0.0
7244,7244,10/20/2022,2022-U126,F51,0.0,0.0,2,20.39,F51,True,0.0
7245,7245,10/20/2022,2022-U126,F51,0.0,0.1,3,20.35,F51,True,0.1
7246,7246,10/20/2022,2022-U126,F51,0.0,0.0,4,20.36,F51,True,0.0
7247,7247,10/20/2022,2022-U126,F51,0.1,0.0,5,20.14,F51,True,0.1
7248,7248,10/20/2022,2022-U126,F51,0.0,0.1,6,20.09,F51,True,0.1
7260,7260,10/20/2022,2022-U126,654,0.0,0.1,18,20.0,654,True,0.1
7261,7261,10/20/2022,2022-U126,654,0.1,0.1,19,20.2,654,True,0.1414213562373095
7262,7262,10/20/2022,2022-U126,654,0.0,0.1,20,20.1,654,True,0.1
7277,7277,10/22/2022,2022-U204,654,0.0,0.1,16,19.8,654,True,0.1
7278,7278,10/22/2022,2022-U204,654,0.0,0.1,17,19.9,654,True,0.1
7279,7279,10/22/2022,2022-U204,654,0.1,0.1,19,19.8,654,True,0.1414213562373095
7300,7300,10/25/2022,2022-U250,654,0.0,0.0,14,21.0,654,True,0.0
7301,7301,10/25/2022,2022-U250,654,0.0,0.1,15,21.0,654,True,0.1
7302,7302,10/25/2022,2022-U250,654,0.0,0.0,16,21.0,654,True,0.0
7303,7303,10/25/2022,2022-U250,654,0.1,0.0,17,21.0,654,True,0.1
7322,7322,10/26/2022,2022-U280,654,0.0,0.1,19,19.5,654,True,0.1
7323,7323,10/26/2022,2022-U280,654,0.0,0.1,20,19.5,654,True,0.1
7324,7324,10/26/2022,2022-U280,654,0.0,0.2,21,19.5,654,True,0.2
7350,7350,10/27/2022,2022-U290,654,0.0,0.1,17,20.7,654,True,0.1
7351,7351,10/27/2022,2022-U290,654,0.1,0.1,18,20.7,654,True,0.1414213562373095
7379,7379,10/29/2022,2022-U348,654,0.1,0.1,26,20.7,654,True,0.1414213562373095
7388,7388,10/29/2022,2022-U348,654,0.0,0.1,36,20.3,654,True,0.1
7389,7389,10/29/2022,2022-U348,654,0.1,0.2,37,20.9,654,True,0.223606797749979
