,Unnamed: 0,Date,Bulletin,Obs Code,Residual RA,Residual Dec,Diagonal Residual
8,8,1/7/2022,2022-A62 ,654,0.4,0.1,0.4123105625617661
23,23,1/7/2022,2022-A62 ,654,0.3,0.2,0.3605551275463989
26,26,1/7/2022,2022-A62 ,654,0.1,0.1,0.1414213562373095
37,37,1/13/2022,2022-A171,654,0.2,0.1,0.223606797749979
40,40,1/13/2022,2022-A171,654,0.1,0.2,0.223606797749979
43,43,1/13/2022,2022-A171,654,0.3,0.3,0.4242640687119285
46,46,1/13/2022,2022-A171,654,1.8,1.0,2.0591260281974
53,53,1/13/2022,2022-A173,654,0.2,0.1,0.223606797749979
64,64,1/13/2022,2022-A173,654,0.0,0.1,0.1
67,67,1/13/2022,2022-A173,654,0.1,0.1,0.1414213562373095
70,70,1/13/2022,2022-A173,654,0.0,0.1,0.1
87,87,1/21/2022,2022-B09 ,654,0.1,0.0,0.1
90,90,1/21/2022,2022-B09 ,654,0.0,0.0,0.0
93,93,1/21/2022,2022-B09 ,654,0.1,0.0,0.1
167,167,1/25/2022,2022-B34 ,654,0.1,0.0,0.1
179,179,1/25/2022,2022-B34 ,654,0.0,0.0,0.0
182,182,1/25/2022,2022-B34 ,654,0.1,0.0,0.1
219,219,1/25/2022,2022-B35 ,654,0.1,0.0,0.1
222,222,1/25/2022,2022-B35 ,654,0.1,0.3,0.3162277660168379
225,225,1/25/2022,2022-B35 ,654,0.1,0.2,0.223606797749979
290,290,1/26/2022,2022-B39 ,654,0.1,0.2,0.223606797749979
293,293,1/26/2022,2022-B39 ,654,0.0,0.0,0.0
296,296,1/26/2022,2022-B39 ,654,0.3,0.2,0.3605551275463989
299,299,1/26/2022,2022-B39 ,654,0.1,0.3,0.3162277660168379
316,316,1/26/2022,2022-B52 ,654,0.1,0.1,0.1414213562373095
319,319,1/26/2022,2022-B52 ,654,0.1,0.0,0.1
322,322,1/26/2022,2022-B52 ,654,0.0,0.1,0.1
330,330,1/27/2022,2022-B56 ,654,0.1,0.0,0.1
333,333,1/27/2022,2022-B56 ,654,0.1,0.1,0.1414213562373095
336,336,1/27/2022,2022-B56 ,654,0.2,0.1,0.223606797749979
365,365,1/27/2022,2022-B71 ,654,0.2,0.1,0.223606797749979
368,368,1/27/2022,2022-B71 ,654,0.0,0.1,0.1
371,371,1/27/2022,2022-B71 ,654,0.1,0.0,0.1
377,377,1/29/2022,2022-B120,654,0.1,0.1,0.1414213562373095
397,397,1/29/2022,2022-B120,654,0.1,0.2,0.223606797749979
400,400,1/29/2022,2022-B120,654,0.0,0.1,0.1
427,427,2/2/2022,2022-C20 ,654,0.1,0.1,0.1414213562373095
430,430,2/2/2022,2022-C20 ,654,0.2,0.0,0.2
433,433,2/2/2022,2022-C20 ,654,0.1,0.1,0.1414213562373095
436,436,2/2/2022,2022-C27 ,654,0.2,0.1,0.223606797749979
439,439,2/2/2022,2022-C27 ,654,0.1,0.1,0.1414213562373095
442,442,2/2/2022,2022-C27 ,654,0.0,0.1,0.1
454,454,2/2/2022,2022-C29 ,654,0.0,0.1,0.1
457,457,2/2/2022,2022-C29 ,654,0.2,0.1,0.223606797749979
473,473,2/2/2022,2022-C29 ,654,0.2,0.1,0.223606797749979
494,494,2/4/2022,2022-C61 ,654,0.0,0.0,0.0
506,506,2/4/2022,2022-C61 ,654,0.0,0.0,0.0
512,512,2/4/2022,2022-C61 ,654,0.0,0.1,0.1
521,521,2/4/2022,2022-C62 ,654,0.0,0.1,0.1
524,524,2/4/2022,2022-C62 ,654,0.0,0.1,0.1
527,527,2/4/2022,2022-C62 ,654,0.0,0.1,0.1
564,564,2/4/2022,2022-C63 ,654,0.1,0.1,0.1414213562373095
567,567,2/4/2022,2022-C63 ,654,0.0,0.1,0.1
570,570,2/4/2022,2022-C63 ,654,0.0,0.2,0.2
586,586,2/4/2022,2022-C65 ,654,0.1,0.0,0.1
587,587,2/4/2022,2022-C65 ,654,0.1,0.1,0.1414213562373095
589,589,2/4/2022,2022-C65 ,654,0.0,0.1,0.1
597,597,2/4/2022,2022-C66 ,654,0.1,0.1,0.1414213562373095
601,601,2/4/2022,2022-C66 ,654,0.0,0.1,0.1
604,604,2/4/2022,2022-C66 ,654,0.1,0.1,0.1414213562373095
618,618,2/5/2022,2022-C77 ,654,0.1,0.1,0.1414213562373095
627,627,2/5/2022,2022-C77 ,654,0.1,0.0,0.1
630,630,2/5/2022,2022-C77 ,654,0.1,0.0,0.1
637,637,2/5/2022,2022-C83 ,654,0.1,0.1,0.1414213562373095
640,640,2/5/2022,2022-C83 ,654,0.1,0.1,0.1414213562373095
643,643,2/5/2022,2022-C83 ,654,0.1,0.0,0.1
671,671,2/5/2022,2022-C87 ,654,0.2,0.1,0.223606797749979
673,673,2/5/2022,2022-C87 ,654,0.2,0.0,0.2
674,674,2/5/2022,2022-C87 ,654,0.1,0.0,0.1
725,725,2/6/2022,2022-C97 ,654,0.1,0.0,0.1
728,728,2/6/2022,2022-C97 ,654,0.1,0.0,0.1
731,731,2/6/2022,2022-C97 ,654,0.0,0.1,0.1
748,748,2/6/2022,2022-C107,654,0.1,0.1,0.1414213562373095
751,751,2/6/2022,2022-C107,654,0.0,0.0,0.0
754,754,2/6/2022,2022-C107,654,0.1,0.2,0.223606797749979
780,780,2/6/2022,2022-C118,654,0.0,0.2,0.2
783,783,2/6/2022,2022-C118,654,0.0,0.1,0.1
798,798,2/6/2022,2022-C118,654,0.0,0.2,0.2
809,809,2/7/2022,2022-C126,654,0.0,0.1,0.1
814,814,2/7/2022,2022-C126,654,0.2,0.2,0.282842712474619
817,817,2/7/2022,2022-C126,654,0.1,0.1,0.1414213562373095
835,835,2/9/2022,2022-C173,654,0.0,0.1,0.1
841,841,2/9/2022,2022-C173,654,0.0,0.0,0.0
853,853,2/9/2022,2022-C173,654,0.0,0.0,0.0
864,864,2/9/2022,2022-C178,654,0.0,0.3,0.3
867,867,2/9/2022,2022-C178,654,0.1,0.2,0.223606797749979
870,870,2/9/2022,2022-C178,654,0.1,0.2,0.223606797749979
877,877,2/9/2022,2022-C187,654,0.1,0.0,0.1
880,880,2/9/2022,2022-C187,654,0.1,0.2,0.223606797749979
883,883,2/9/2022,2022-C187,654,0.1,0.1,0.1414213562373095
920,920,2/10/2022,2022-C192,654,0.1,0.0,0.1
923,923,2/10/2022,2022-C192,654,0.0,0.0,0.0
926,926,2/10/2022,2022-C192,654,0.5,0.1,0.5099019513592785
929,929,2/10/2022,2022-C196,654,0.1,0.3,0.3162277660168379
932,932,2/10/2022,2022-C196,654,0.3,0.1,0.3162277660168379
935,935,2/10/2022,2022-C196,654,0.1,0.2,0.223606797749979
949,949,2/11/2022,2022-C207,654,0.0,0.2,0.2
952,952,2/11/2022,2022-C207,654,0.0,0.2,0.2
955,955,2/11/2022,2022-C207,654,0.0,0.2,0.2
993,993,2/12/2022,2022-C215,654,0.1,0.2,0.223606797749979
996,996,2/12/2022,2022-C215,654,0.0,0.2,0.2
999,999,2/12/2022,2022-C215,654,0.0,0.2,0.2
1019,1019,2/12/2022,2022-C221,654,0.0,0.1,0.1
1022,1022,2/12/2022,2022-C221,654,0.1,0.0,0.1
1025,1025,2/12/2022,2022-C221,654,0.1,0.0,0.1
1054,1054,2/27/2022,2022-D101,654,0.0,0.1,0.1
1057,1057,2/27/2022,2022-D101,654,0.0,0.1,0.1
1060,1060,2/27/2022,2022-D101,654,0.0,0.1,0.1
1083,1083,2/28/2022,2022-D125,654,0.1,0.0,0.1
1098,1098,2/28/2022,2022-D125,654,0.0,0.0,0.0
1101,1101,2/28/2022,2022-D125,654,0.1,0.0,0.1
1187,1187,3/1/2022,2022-E16 ,654,0.0,0.0,0.0
1190,1190,3/1/2022,2022-E16 ,654,0.3,0.0,0.3
1193,1193,3/1/2022,2022-E16 ,654,0.2,0.0,0.2
1255,1255,3/2/2022,2022-E36 ,654,0.0,0.1,0.1
1258,1258,3/2/2022,2022-E36 ,654,0.0,0.1,0.1
1261,1261,3/2/2022,2022-E36 ,654,0.1,0.1,0.1414213562373095
1312,1312,3/2/2022,2022-E41 ,654,0.3,0.0,0.3
1315,1315,3/2/2022,2022-E41 ,654,0.3,0.0,0.3
1318,1318,3/2/2022,2022-E41 ,654,0.3,0.0,0.3
1365,1365,3/2/2022,2022-E45 ,654,0.1,0.1,0.1414213562373095
1368,1368,3/2/2022,2022-E45 ,654,0.0,0.1,0.1
1371,1371,3/2/2022,2022-E45 ,654,0.1,0.0,0.1
1397,1397,3/4/2022,2022-E78 ,654,0.0,0.1,0.1
1400,1400,3/4/2022,2022-E78 ,654,0.0,0.1,0.1
1403,1403,3/4/2022,2022-E78 ,654,0.0,0.1,0.1
1419,1419,3/8/2022,2022-E123,654,0.1,0.1,0.1414213562373095
1422,1422,3/8/2022,2022-E123,654,0.0,0.0,0.0
1425,1425,3/8/2022,2022-E123,654,0.1,0.1,0.1414213562373095
1473,1473,3/12/2022,2022-E183,654,0.2,0.2,0.282842712474619
1476,1476,3/12/2022,2022-E183,654,0.2,0.1,0.223606797749979
1488,1488,3/12/2022,2022-E183,654,0.3,0.1,0.3162277660168379
1492,1492,3/12/2022,2022-E184,654,0.0,0.1,0.1
1500,1500,3/12/2022,2022-E184,654,0.2,0.0,0.2
1504,1504,3/12/2022,2022-E184,654,0.2,0.0,0.2
1520,1520,3/12/2022,2022-E197,654,0.2,0.1,0.223606797749979
1521,1521,3/12/2022,2022-E197,654,0.0,0.0,0.0
1523,1523,3/12/2022,2022-E197,654,0.1,0.0,0.1
1576,1576,3/13/2022,2022-E200,654,0.1,0.1,0.1414213562373095
1579,1579,3/13/2022,2022-E200,654,0.0,0.2,0.2
1582,1582,3/13/2022,2022-E200,654,0.1,0.5,0.5099019513592785
1585,1585,3/23/2022,2022-F23 ,654,0.3,0.0,0.3
1593,1593,3/23/2022,2022-F23 ,654,0.1,0.1,0.1414213562373095
1596,1596,3/23/2022,2022-F23 ,654,0.1,0.0,0.1
1645,1645,3/24/2022,2022-F31 ,654,0.1,0.2,0.223606797749979
1648,1648,3/24/2022,2022-F31 ,654,0.1,0.1,0.1414213562373095
1651,1651,3/24/2022,2022-F31 ,654,0.1,0.1,0.1414213562373095
1694,1694,3/27/2022,2022-F78 ,654,0.1,0.1,0.1414213562373095
1697,1697,3/27/2022,2022-F78 ,654,0.1,0.0,0.1
1700,1700,3/27/2022,2022-F78 ,654,0.1,0.0,0.1
1722,1722,3/27/2022,2022-F83 ,654,0.1,0.1,0.1414213562373095
1775,1775,3/27/2022,2022-F83 ,654,0.1,0.0,0.1
1778,1778,3/27/2022,2022-F98 ,654,1.2,0.1,1.2041594578792296
1793,1793,3/27/2022,2022-F98 ,654,0.3,0.0,0.3
1796,1796,3/27/2022,2022-F98 ,654,0.1,0.1,0.1414213562373095
1801,1801,4/2/2022,2022-G08 ,654,0.0,0.0,0.0
1804,1804,4/2/2022,2022-G08 ,654,0.1,0.1,0.1414213562373095
1807,1807,4/2/2022,2022-G08 ,654,0.0,0.0,0.0
1860,1860,4/2/2022,2022-G27 ,654,0.1,0.0,0.1
1863,1863,4/2/2022,2022-G27 ,654,0.1,0.0,0.1
1866,1866,4/2/2022,2022-G27 ,654,0.1,0.0,0.1
1876,1876,4/2/2022,2022-G31 ,654,0.0,0.2,0.2
1888,1888,4/2/2022,2022-G31 ,654,0.0,0.2,0.2
1929,1929,4/2/2022,2022-G31 ,654,0.0,0.2,0.2
1935,1935,4/4/2022,2022-G60 ,654,0.0,0.1,0.1
1950,1950,4/4/2022,2022-G60 ,654,0.2,0.2,0.282842712474619
1958,1958,4/4/2022,2022-G60 ,654,0.1,0.2,0.223606797749979
1974,1974,4/4/2022,2022-G65 ,654,0.6,0.0,0.6
1977,1977,4/4/2022,2022-G65 ,654,0.3,0.1,0.3162277660168379
1980,1980,4/4/2022,2022-G65 ,654,0.6,0.4,0.7211102550927979
1983,1983,4/4/2022,2022-G65 ,654,0.5,0.1,0.5099019513592785
2011,2011,4/5/2022,2022-G69 ,654,0.1,0.0,0.1
2014,2014,4/5/2022,2022-G69 ,654,0.1,0.1,0.1414213562373095
2026,2026,4/5/2022,2022-G69 ,654,0.4,0.1,0.4123105625617661
2049,2049,4/5/2022,2022-G77 ,654,0.1,0.4,0.4123105625617661
2052,2052,4/5/2022,2022-G77 ,654,0.2,0.1,0.223606797749979
2055,2055,4/5/2022,2022-G77 ,654,0.1,0.1,0.1414213562373095
2102,2102,4/9/2022,2022-G131,654,0.1,0.1,0.1414213562373095
2103,2103,4/9/2022,2022-G131,654,0.1,0.1,0.1414213562373095
2105,2105,4/9/2022,2022-G131,654,0.1,0.1,0.1414213562373095
2106,2106,4/9/2022,2022-G131,654,0.0,0.0,0.0
2108,2108,4/9/2022,2022-G131,654,0.1,0.1,0.1414213562373095
2109,2109,4/9/2022,2022-G131,654,0.1,0.1,0.1414213562373095
2137,2137,4/9/2022,2022-G136,654,0.2,0.0,0.2
2140,2140,4/9/2022,2022-G136,654,0.0,0.0,0.0
2143,2143,4/9/2022,2022-G136,654,0.1,0.0,0.1
2148,2148,4/10/2022,2022-G160,654,0.1,0.2,0.223606797749979
2151,2151,4/10/2022,2022-G160,654,0.0,0.1,0.1
2154,2154,4/10/2022,2022-G160,654,0.1,0.1,0.1414213562373095
2189,2189,4/11/2022,2022-G162,654,0.0,0.1,0.1
2192,2192,4/11/2022,2022-G162,654,0.1,0.2,0.223606797749979
2195,2195,4/11/2022,2022-G162,654,0.0,0.0,0.0
2198,2198,4/11/2022,2022-G162,654,0.1,0.1,0.1414213562373095
2205,2205,4/24/2022,2022-H45 ,654,0.2,0.2,0.282842712474619
2208,2208,4/24/2022,2022-H45 ,654,0.1,0.1,0.1414213562373095
2211,2211,4/24/2022,2022-H45 ,654,0.1,0.0,0.1
2234,2234,4/24/2022,2022-H47 ,654,0.0,0.0,0.0
2246,2246,4/24/2022,2022-H47 ,654,0.1,0.1,0.1414213562373095
2251,2251,4/24/2022,2022-H47 ,654,0.1,0.2,0.223606797749979
2281,2281,4/25/2022,2022-H52 ,654,0.0,0.0,0.0
2284,2284,4/25/2022,2022-H52 ,654,0.1,0.1,0.1414213562373095
2287,2287,4/25/2022,2022-H52 ,654,0.3,0.0,0.3
2294,2294,4/25/2022,2022-H57 ,654,0.0,0.2,0.2
2306,2306,4/25/2022,2022-H57 ,654,0.1,0.2,0.223606797749979
2308,2308,4/25/2022,2022-H57 ,654,0.1,0.2,0.223606797749979
2326,2326,4/25/2022,2022-H58 ,654,0.1,0.1,0.1414213562373095
2338,2338,4/25/2022,2022-H58 ,654,0.1,0.0,0.1
2341,2341,4/25/2022,2022-H58 ,654,0.1,0.1,0.1414213562373095
2356,2356,4/29/2022,2022-H115,654,0.0,0.1,0.1
2359,2359,4/29/2022,2022-H115,654,0.3,0.1,0.3162277660168379
2362,2362,4/29/2022,2022-H115,654,0.1,0.1,0.1414213562373095
2373,2373,4/30/2022,2022-H126,654,0.2,0.1,0.223606797749979
2376,2376,4/30/2022,2022-H126,654,0.1,0.1,0.1414213562373095
2379,2379,4/30/2022,2022-H126,654,0.0,0.0,0.0
2386,2386,4/30/2022,2022-H132,654,0.0,0.0,0.0
2389,2389,4/30/2022,2022-H132,654,0.1,0.0,0.1
2405,2405,4/30/2022,2022-H132,654,0.0,0.0,0.0
2410,2410,5/2/2022,2022-J11 ,654,0.1,0.0,0.1
2411,2411,5/2/2022,2022-J11 ,654,0.1,0.0,0.1
2413,2413,5/2/2022,2022-J11 ,654,0.3,0.1,0.3162277660168379
2428,2428,5/2/2022,2022-J13 ,654,0.1,0.0,0.1
2443,2443,5/2/2022,2022-J13 ,654,0.1,0.0,0.1
2446,2446,5/2/2022,2022-J13 ,654,0.2,0.0,0.2
2469,2469,5/2/2022,2022-J15 ,654,0.1,0.0,0.1
2472,2472,5/2/2022,2022-J15 ,654,0.1,0.0,0.1
2475,2475,5/2/2022,2022-J15 ,654,0.0,0.0,0.0
2480,2480,5/4/2022,2022-J32 ,654,0.1,0.0,0.1
2483,2483,5/4/2022,2022-J32 ,654,0.1,0.0,0.1
2486,2486,5/4/2022,2022-J32 ,654,0.1,0.1,0.1414213562373095
2506,2506,5/5/2022,2022-J34 ,654,0.1,0.0,0.1
2524,2524,5/5/2022,2022-J34 ,654,0.0,0.2,0.2
2541,2541,5/5/2022,2022-J34 ,654,0.1,0.2,0.223606797749979
2546,2546,5/7/2022,2022-J48 ,654,0.1,0.0,0.1
2549,2549,5/7/2022,2022-J48 ,654,0.3,0.1,0.3162277660168379
2554,2554,5/7/2022,2022-J48 ,654,0.2,0.1,0.223606797749979
2589,2589,5/8/2022,2022-J56 ,654,0.3,0.1,0.3162277660168379
2592,2592,5/8/2022,2022-J56 ,654,0.2,0.2,0.282842712474619
2595,2595,5/8/2022,2022-J56 ,654,0.1,0.2,0.223606797749979
2605,2605,5/8/2022,2022-J57 ,654,0.1,0.0,0.1
2617,2617,5/8/2022,2022-J57 ,654,0.2,0.0,0.2
2632,2632,5/8/2022,2022-J57 ,654,0.0,0.3,0.3
2639,2639,5/8/2022,2022-J59 ,654,0.0,0.0,0.0
2642,2642,5/8/2022,2022-J59 ,654,0.1,0.1,0.1414213562373095
2645,2645,5/8/2022,2022-J59 ,654,0.5,0.7,0.8602325267042626
2667,2667,5/23/2022,2022-K46 ,654,0.1,0.1,0.1414213562373095
2670,2670,5/23/2022,2022-K46 ,654,0.0,0.0,0.0
2682,2682,5/23/2022,2022-K46 ,654,0.6,0.5,0.7810249675906654
2694,2694,5/23/2022,2022-K51 ,654,0.1,0.1,0.1414213562373095
2697,2697,5/23/2022,2022-K51 ,654,0.1,0.3,0.3162277660168379
2700,2700,5/23/2022,2022-K51 ,654,0.0,0.1,0.1
2726,2726,5/25/2022,2022-K86 ,654,0.1,0.0,0.1
2735,2735,5/25/2022,2022-K86 ,654,0.0,0.0,0.0
2744,2744,5/25/2022,2022-K86 ,654,0.1,0.0,0.1
2776,2776,5/25/2022,2022-K89 ,654,0.1,0.1,0.1414213562373095
2779,2779,5/25/2022,2022-K89 ,654,0.0,0.2,0.2
2782,2782,5/25/2022,2022-K89 ,654,0.0,0.1,0.1
2791,2791,5/27/2022,2022-K113,654,0.2,0.0,0.2
2806,2806,5/27/2022,2022-K113,654,0.1,0.0,0.1
2809,2809,5/27/2022,2022-K113,654,0.0,0.0,0.0
2838,2838,5/27/2022,2022-K115,654,0.3,0.0,0.3
2841,2841,5/27/2022,2022-K115,654,0.1,0.1,0.1414213562373095
2844,2844,5/27/2022,2022-K115,654,0.2,0.2,0.282842712474619
2852,2852,5/27/2022,2022-K121,654,0.1,0.1,0.1414213562373095
2858,2858,5/27/2022,2022-K121,654,0.0,0.0,0.0
2864,2864,5/27/2022,2022-K121,654,0.0,0.0,0.0
2873,2873,5/27/2022,2022-K121,654,0.1,0.1,0.1414213562373095
2893,2893,5/29/2022,2022-K151,654,0.1,0.1,0.1414213562373095
2896,2896,5/29/2022,2022-K151,654,0.1,0.1,0.1414213562373095
2899,2899,5/29/2022,2022-K151,654,0.0,0.0,0.0
2902,2902,5/29/2022,2022-K151,654,0.1,0.2,0.223606797749979
2961,2961,5/30/2022,2022-K157,654,0.1,0.4,0.4123105625617661
2964,2964,5/30/2022,2022-K157,654,0.3,0.2,0.3605551275463989
2969,2969,5/31/2022,2022-K177,654,0.0,0.2,0.2
2984,2984,5/31/2022,2022-K177,654,0.1,0.2,0.223606797749979
2988,2988,5/31/2022,2022-K177,654,0.0,0.1,0.1
2991,2991,6/1/2022,2022-L01 ,654,0.0,0.1,0.1
3011,3011,6/1/2022,2022-L01 ,654,0.0,0.2,0.2
3020,3020,6/1/2022,2022-L01 ,654,0.1,0.2,0.223606797749979
3022,3022,6/1/2022,2022-L01 ,654,0.1,0.2,0.223606797749979
3025,3025,6/2/2022,2022-L08 ,654,0.2,0.1,0.223606797749979
3028,3028,6/2/2022,2022-L08 ,654,0.1,0.1,0.1414213562373095
3033,3033,6/2/2022,2022-L08 ,654,0.1,0.2,0.223606797749979
3036,3036,6/2/2022,2022-L08 ,654,0.1,0.1,0.1414213562373095
3039,3039,6/2/2022,2022-L08 ,654,0.4,0.2,0.447213595499958
3041,3041,6/2/2022,2022-L08 ,654,0.0,0.0,0.0
3044,3044,6/2/2022,2022-L09 ,654,0.2,0.0,0.2
3064,3064,6/2/2022,2022-L09 ,654,0.0,0.2,0.2
3065,3065,6/2/2022,2022-L09 ,654,0.0,0.2,0.2
3067,3067,6/2/2022,2022-L09 ,654,0.1,0.2,0.223606797749979
3068,3068,6/2/2022,2022-L09 ,654,0.1,0.2,0.223606797749979
3070,3070,6/2/2022,2022-L09 ,654,0.1,0.0,0.1
3071,3071,6/2/2022,2022-L09 ,654,0.1,0.2,0.223606797749979
3073,3073,6/2/2022,2022-L09 ,654,0.2,0.5,0.5385164807134505
3075,3075,6/2/2022,2022-L09 ,654,0.5,0.3,0.58309518948453
3078,3078,6/2/2022,2022-L10 ,654,0.5,0.2,0.5385164807134505
3095,3095,6/2/2022,2022-L10 ,654,0.0,0.1,0.1
3098,3098,6/2/2022,2022-L10 ,654,0.2,0.2,0.282842712474619
3101,3101,6/2/2022,2022-L10 ,654,0.2,0.1,0.223606797749979
3103,3103,6/2/2022,2022-L10 ,654,0.6,0.1,0.6082762530298219
3109,3109,6/4/2022,2022-L25 ,654,0.2,0.1,0.223606797749979
3112,3112,6/4/2022,2022-L25 ,654,0.1,0.0,0.1
3115,3115,6/4/2022,2022-L25 ,654,0.0,0.0,0.0
3176,3176,6/4/2022,2022-L27 ,654,0.4,0.4,0.5656854249492381
3179,3179,6/4/2022,2022-L27 ,654,0.1,0.1,0.1414213562373095
3219,3219,6/5/2022,2022-L31 ,654,0.0,0.0,0.0
3222,3222,6/5/2022,2022-L31 ,654,0.1,0.1,0.1414213562373095
3241,3241,6/5/2022,2022-L34 ,654,1.2,0.3,1.2369316876852985
3244,3244,6/5/2022,2022-L34 ,654,0.2,0.1,0.223606797749979
3247,3247,6/5/2022,2022-L34 ,654,0.1,0.1,0.1414213562373095
3273,3273,6/5/2022,2022-L35 ,654,0.1,0.1,0.1414213562373095
3276,3276,6/5/2022,2022-L35 ,654,0.1,0.1,0.1414213562373095
3279,3279,6/5/2022,2022-L35 ,654,0.1,0.0,0.1
3321,3321,6/6/2022,2022-L43 ,654,0.1,0.1,0.1414213562373095
3324,3324,6/6/2022,2022-L43 ,654,0.1,0.0,0.1
3327,3327,6/6/2022,2022-L43 ,654,0.2,0.1,0.223606797749979
3332,3332,6/6/2022,2022-L45 ,654,0.2,0.0,0.2
3335,3335,6/6/2022,2022-L45 ,654,0.1,0.1,0.1414213562373095
3338,3338,6/6/2022,2022-L45 ,654,0.1,0.0,0.1
3341,3341,6/6/2022,2022-L45 ,654,0.1,0.0,0.1
3400,3400,6/6/2022,2022-L46 ,654,0.1,0.1,0.1414213562373095
3415,3415,6/6/2022,2022-L46 ,654,0.0,0.0,0.0
3418,3418,6/6/2022,2022-L46 ,654,0.0,0.0,0.0
3421,3421,6/7/2022,2022-L51 ,654,0.1,0.0,0.1
3430,3430,6/7/2022,2022-L51 ,654,0.0,0.1,0.1
3441,3441,6/7/2022,2022-L51 ,654,0.0,0.1,0.1
3465,3465,6/7/2022,2022-L64 ,654,0.0,0.0,0.0
3468,3468,6/7/2022,2022-L64 ,654,0.0,0.0,0.0
3480,3480,6/7/2022,2022-L64 ,654,0.0,0.0,0.0
3507,3507,6/7/2022,2022-L65 ,654,0.1,0.0,0.1
3510,3510,6/7/2022,2022-L65 ,654,0.0,0.0,0.0
3513,3513,6/7/2022,2022-L65 ,654,0.0,0.2,0.2
3516,3516,6/7/2022,2022-L65 ,654,0.2,0.1,0.223606797749979
3532,3532,6/8/2022,2022-L71 ,654,0.2,0.1,0.223606797749979
3533,3533,6/8/2022,2022-L71 ,654,0.4,0.2,0.447213595499958
3536,3536,6/8/2022,2022-L71 ,654,0.1,0.1,0.1414213562373095
3551,3551,6/8/2022,2022-L71 ,654,0.1,0.0,0.1
3555,3555,6/8/2022,2022-L71 ,654,0.1,0.1,0.1414213562373095
3564,3564,6/8/2022,2022-L71 ,654,0.0,0.1,0.1
3573,3573,6/8/2022,2022-L71 ,654,0.1,0.1,0.1414213562373095
3589,3589,6/8/2022,2022-L72 ,654,0.3,0.1,0.3162277660168379
3598,3598,6/8/2022,2022-L72 ,654,0.1,0.2,0.223606797749979
3601,3601,6/8/2022,2022-L72 ,654,0.1,0.1,0.1414213562373095
3612,3612,6/8/2022,2022-L72 ,654,0.1,0.1,0.1414213562373095
3630,3630,6/10/2022,2022-L77 ,654,0.2,0.1,0.223606797749979
3633,3633,6/10/2022,2022-L77 ,654,0.0,0.2,0.2
3636,3636,6/10/2022,2022-L77 ,654,0.1,0.2,0.223606797749979
3824,3824,6/10/2022,2022-L78 ,654,0.1,0.0,0.1
3827,3827,6/10/2022,2022-L78 ,654,0.0,0.1,0.1
3869,3869,6/10/2022,2022-L78 ,654,0.1,0.0,0.1
3872,3872,6/10/2022,2022-L78 ,654,0.1,0.1,0.1414213562373095
3875,3875,6/10/2022,2022-L78 ,654,0.0,0.2,0.2
3878,3878,6/10/2022,2022-L78 ,654,0.1,0.2,0.223606797749979
3881,3881,6/10/2022,2022-L78 ,654,0.1,0.3,0.3162277660168379
3884,3884,6/10/2022,2022-L78 ,654,0.0,0.2,0.2
3910,3910,6/10/2022,2022-L79 ,654,0.4,0.1,0.4123105625617661
3913,3913,6/10/2022,2022-L79 ,654,1.5,0.2,1.5132745950421556
3923,3923,6/19/2022,2022-M16 ,654,0.2,0.1,0.223606797749979
3926,3926,6/19/2022,2022-M16 ,654,0.2,0.1,0.223606797749979
3929,3929,6/19/2022,2022-M16 ,654,0.1,0.0,0.1
3982,3982,6/21/2022,2022-M25 ,654,0.3,0.1,0.3162277660168379
3985,3985,6/21/2022,2022-M25 ,654,0.1,0.1,0.1414213562373095
3988,3988,6/21/2022,2022-M25 ,654,0.0,0.1,0.1
3989,3989,6/21/2022,2022-M25 ,654,0.0,0.1,0.1
3991,3991,6/21/2022,2022-M25 ,654,0.1,0.1,0.1414213562373095
3995,3995,6/21/2022,2022-M25 ,654,0.1,0.0,0.1
3998,3998,6/21/2022,2022-M25 ,654,0.0,0.0,0.0
4037,4037,6/21/2022,2022-M26 ,654,0.0,0.0,0.0
4040,4040,6/21/2022,2022-M26 ,654,0.2,0.0,0.2
4051,4051,6/21/2022,2022-M27 ,654,0.0,0.0,0.0
4054,4054,6/21/2022,2022-M27 ,654,0.0,0.0,0.0
4062,4062,6/21/2022,2022-M29 ,654,0.2,0.1,0.223606797749979
4065,4065,6/21/2022,2022-M29 ,654,0.0,0.2,0.2
4087,4087,6/21/2022,2022-M30 ,654,0.0,0.1,0.1
4090,4090,6/21/2022,2022-M30 ,654,0.1,0.1,0.1414213562373095
4093,4093,6/21/2022,2022-M30 ,654,0.1,0.1,0.1414213562373095
4130,4130,6/21/2022,2022-M31 ,654,0.4,0.2,0.447213595499958
4133,4133,6/21/2022,2022-M31 ,654,0.5,0.2,0.5385164807134505
4136,4136,6/21/2022,2022-M31 ,654,0.4,0.2,0.447213595499958
4139,4139,6/21/2022,2022-M31 ,654,0.5,0.2,0.5385164807134505
4142,4142,6/21/2022,2022-M31 ,654,0.1,0.1,0.1414213562373095
4202,4202,6/23/2022,2022-M38 ,654,0.1,0.1,0.1414213562373095
4205,4205,6/23/2022,2022-M38 ,654,0.0,0.2,0.2
4208,4208,6/23/2022,2022-M38 ,654,0.0,0.1,0.1
4211,4211,6/23/2022,2022-M38 ,654,0.1,0.1,0.1414213562373095
4280,4280,6/23/2022,2022-M39 ,654,0.1,0.0,0.1
4283,4283,6/23/2022,2022-M39 ,654,0.1,0.1,0.1414213562373095
4300,4300,6/24/2022,2022-M60 ,654,0.1,0.0,0.1
4303,4303,6/24/2022,2022-M60 ,654,0.0,0.2,0.2
4306,4306,6/24/2022,2022-M60 ,654,0.2,0.1,0.223606797749979
4309,4309,6/24/2022,2022-M60 ,654,0.2,0.1,0.223606797749979
4312,4312,6/24/2022,2022-M60 ,654,0.1,0.0,0.1
4315,4315,6/24/2022,2022-M60 ,654,0.2,0.0,0.2
4333,4333,6/25/2022,2022-M69 ,654,0.0,0.0,0.0
4336,4336,6/25/2022,2022-M69 ,654,0.0,0.0,0.0
4339,4339,6/25/2022,2022-M69 ,654,0.1,0.1,0.1414213562373095
4344,4344,6/26/2022,2022-M75 ,654,0.0,0.0,0.0
4347,4347,6/26/2022,2022-M75 ,654,0.0,0.0,0.0
4350,4350,6/26/2022,2022-M75 ,654,0.1,0.1,0.1414213562373095
4360,4360,6/26/2022,2022-M75 ,654,0.1,0.0,0.1
4363,4363,6/26/2022,2022-M79 ,654,0.1,0.1,0.1414213562373095
4366,4366,6/26/2022,2022-M79 ,654,0.0,0.0,0.0
4369,4369,6/26/2022,2022-M79 ,654,0.0,0.0,0.0
4372,4372,6/26/2022,2022-M79 ,654,0.1,0.1,0.1414213562373095
4375,4375,6/26/2022,2022-M79 ,654,0.1,0.1,0.1414213562373095
4381,4381,6/26/2022,2022-M80 ,654,0.2,0.6,0.6324555320336759
4384,4384,6/26/2022,2022-M80 ,654,0.1,0.3,0.3162277660168379
4387,4387,6/26/2022,2022-M80 ,654,0.0,0.1,0.1
4390,4390,6/26/2022,2022-M80 ,654,0.2,0.1,0.223606797749979
4392,4392,6/28/2022,2022-M89 ,654,0.1,0.0,0.1
4393,4393,6/28/2022,2022-M89 ,654,0.0,0.0,0.0
4395,4395,6/28/2022,2022-M89 ,654,0.1,0.0,0.1
4396,4396,6/28/2022,2022-M89 ,654,0.1,0.0,0.1
4398,4398,6/28/2022,2022-M89 ,654,0.1,0.0,0.1
4410,4410,6/28/2022,2022-M89 ,654,0.3,0.3,0.4242640687119285
4423,4423,6/28/2022,2022-M90 ,654,0.1,0.1,0.1414213562373095
4426,4426,6/28/2022,2022-M90 ,654,0.1,0.0,0.1
4429,4429,6/28/2022,2022-M90 ,654,0.1,0.1,0.1414213562373095
4442,4442,6/28/2022,2022-M91 ,654,0.0,0.0,0.0
4445,4445,6/28/2022,2022-M91 ,654,0.0,0.0,0.0
4448,4448,6/28/2022,2022-M91 ,654,0.0,0.1,0.1
4458,4458,6/28/2022,2022-M91 ,654,0.1,0.1,0.1414213562373095
4461,4461,6/28/2022,2022-M91 ,654,0.1,0.2,0.223606797749979
4464,4464,6/28/2022,2022-M91 ,654,0.1,0.0,0.1
4477,4477,6/28/2022,2022-M95 ,654,0.0,0.1,0.1
4480,4480,6/28/2022,2022-M95 ,654,0.0,0.0,0.0
4483,4483,6/28/2022,2022-M95 ,654,0.1,0.0,0.1
4486,4486,6/28/2022,2022-M95 ,654,0.0,0.0,0.0
4500,4500,6/30/2022,2022-M106,654,0.0,0.2,0.2
4503,4503,6/30/2022,2022-M106,654,0.1,0.2,0.223606797749979
4506,4506,6/30/2022,2022-M106,654,0.0,0.1,0.1
4540,4540,6/30/2022,2022-M107,654,0.2,0.2,0.282842712474619
4543,4543,6/30/2022,2022-M107,654,0.1,0.2,0.223606797749979
4546,4546,6/30/2022,2022-M107,654,0.0,0.3,0.3
4562,4562,6/30/2022,2022-M110,654,0.2,0.1,0.223606797749979
4565,4565,6/30/2022,2022-M110,654,0.1,0.3,0.3162277660168379
4573,4573,6/30/2022,2022-M110,654,0.1,0.0,0.1
4575,4575,6/30/2022,2022-M110,654,0.3,0.4,0.5
4598,4598,7/1/2022,2022-N04 ,654,0.0,0.1,0.1
4601,4601,7/1/2022,2022-N04 ,654,0.1,0.1,0.1414213562373095
4616,4616,7/1/2022,2022-N06 ,654,0.0,0.1,0.1
4619,4619,7/1/2022,2022-N06 ,654,0.1,0.1,0.1414213562373095
4636,4636,7/1/2022,2022-N06 ,654,0.0,0.2,0.2
4655,4655,7/1/2022,2022-N08 ,654,0.1,0.0,0.1
4658,4658,7/1/2022,2022-N08 ,654,0.0,0.0,0.0
4673,4673,7/1/2022,2022-N08 ,654,0.3,0.0,0.3
4675,4675,7/1/2022,2022-N09 ,654,0.0,0.1,0.1
4678,4678,7/1/2022,2022-N09 ,654,0.0,0.1,0.1
4681,4681,7/1/2022,2022-N09 ,654,0.1,0.2,0.223606797749979
4684,4684,7/1/2022,2022-N09 ,654,0.4,0.0,0.4
4709,4709,7/5/2022,2022-N28 ,654,0.1,0.1,0.1414213562373095
4712,4712,7/5/2022,2022-N28 ,654,0.2,0.0,0.2
4735,4735,7/5/2022,2022-N28 ,654,0.3,0.1,0.3162277660168379
4757,4757,7/5/2022,2022-N29 ,654,0.1,0.1,0.1414213562373095
4760,4760,7/5/2022,2022-N29 ,654,0.0,0.1,0.1
4763,4763,7/5/2022,2022-N29 ,654,0.0,0.2,0.2
4772,4772,7/5/2022,2022-N31 ,654,0.1,0.3,0.3162277660168379
4775,4775,7/5/2022,2022-N31 ,654,0.0,0.1,0.1
4778,4778,7/5/2022,2022-N31 ,654,0.2,0.1,0.223606797749979
4783,4783,7/5/2022,2022-N34 ,654,0.1,0.2,0.223606797749979
4800,4800,7/5/2022,2022-N34 ,654,0.1,0.1,0.1414213562373095
4803,4803,7/5/2022,2022-N35 ,654,0.1,0.1,0.1414213562373095
4818,4818,7/5/2022,2022-N35 ,654,0.1,0.1,0.1414213562373095
4821,4821,7/5/2022,2022-N35 ,654,0.3,0.0,0.3
4839,4839,7/8/2022,2022-N55 ,654,0.0,0.1,0.1
4842,4842,7/8/2022,2022-N55 ,654,0.1,0.1,0.1414213562373095
4850,4850,7/10/2022,2022-N72 ,654,0.1,0.0,0.1
4853,4853,7/10/2022,2022-N72 ,654,0.1,0.0,0.1
4871,4871,7/10/2022,2022-N72 ,654,0.1,0.0,0.1
4942,4942,7/10/2022,2022-N77 ,654,0.1,0.3,0.3162277660168379
4945,4945,7/10/2022,2022-N77 ,654,0.4,0.2,0.447213595499958
4965,4965,7/22/2022,2022-O27 ,654,0.2,0.1,0.223606797749979
4977,4977,7/22/2022,2022-O27 ,654,0.2,0.2,0.282842712474619
4980,4980,7/22/2022,2022-O27 ,654,0.3,0.2,0.3605551275463989
5035,5035,7/24/2022,2022-O39 ,654,0.0,0.0,0.0
5038,5038,7/24/2022,2022-O39 ,654,0.0,0.0,0.0
5041,5041,7/24/2022,2022-O39 ,654,0.1,0.0,0.1
5050,5050,7/26/2022,2022-O51 ,654,0.0,0.1,0.1
5053,5053,7/26/2022,2022-O51 ,654,0.0,0.1,0.1
5056,5056,7/26/2022,2022-O51 ,654,0.0,0.0,0.0
5069,5069,7/26/2022,2022-O54 ,654,0.0,0.0,0.0
5072,5072,7/26/2022,2022-O54 ,654,0.0,0.0,0.0
5075,5075,7/26/2022,2022-O54 ,654,0.0,0.0,0.0
5082,5082,7/27/2022,2022-O61 ,654,0.1,0.1,0.1414213562373095
5085,5085,7/27/2022,2022-O61 ,654,0.1,0.0,0.1
5093,5093,7/27/2022,2022-O61 ,654,0.1,0.0,0.1
5096,5096,7/27/2022,2022-O61 ,654,0.2,0.0,0.2
5102,5102,7/27/2022,2022-O68 ,654,0.3,0.2,0.3605551275463989
5105,5105,7/27/2022,2022-O68 ,654,0.1,0.0,0.1
5107,5107,7/27/2022,2022-O68 ,654,0.3,0.1,0.3162277660168379
5110,5110,7/27/2022,2022-O72 ,654,0.1,0.2,0.223606797749979
5113,5113,7/27/2022,2022-O72 ,654,0.0,0.0,0.0
5127,5127,7/27/2022,2022-O72 ,654,0.1,0.1,0.1414213562373095
5130,5130,7/27/2022,2022-O72 ,654,0.2,0.0,0.2
5138,5138,7/27/2022,2022-O73 ,654,0.1,0.1,0.1414213562373095
5141,5141,7/27/2022,2022-O73 ,654,0.0,0.1,0.1
5144,5144,7/27/2022,2022-O73 ,654,0.0,0.0,0.0
5147,5147,7/27/2022,2022-O73 ,654,0.0,0.1,0.1
5150,5150,7/27/2022,2022-O73 ,654,0.0,0.1,0.1
5153,5153,7/27/2022,2022-O73 ,654,0.0,0.0,0.0
5155,5155,7/27/2022,2022-O73 ,654,0.1,0.1,0.1414213562373095
5157,5157,7/27/2022,2022-O73 ,654,0.1,0.1,0.1414213562373095
5160,5160,7/27/2022,2022-O75 ,654,0.0,0.1,0.1
5168,5168,7/27/2022,2022-O75 ,654,0.0,0.1,0.1
5171,5171,7/27/2022,2022-O75 ,654,0.1,0.0,0.1
5213,5213,7/30/2022,2022-O108,654,0.0,0.2,0.2
5219,5219,7/30/2022,2022-O108,654,0.0,0.1,0.1
5258,5258,7/31/2022,2022-O112,654,0.5,0.5,0.7071067811865476
5261,5261,7/31/2022,2022-O112,654,0.2,0.1,0.223606797749979
5264,5264,7/31/2022,2022-O112,654,0.1,0.1,0.1414213562373095
5268,5268,7/31/2022,2022-O115,654,0.1,0.1,0.1414213562373095
5271,5271,7/31/2022,2022-O115,654,0.0,0.1,0.1
5274,5274,7/31/2022,2022-O115,654,0.0,0.2,0.2
5291,5291,7/31/2022,2022-O115,654,0.0,0.4,0.4
5294,5294,7/31/2022,2022-O115,654,0.1,0.2,0.223606797749979
5296,5296,7/31/2022,2022-O115,654,0.3,0.0,0.3
5307,5307,8/1/2022,2022-P15 ,654,0.2,0.1,0.223606797749979
5310,5310,8/1/2022,2022-P15 ,654,0.5,0.1,0.5099019513592785
5335,5335,8/3/2022,2022-P55 ,654,0.0,0.0,0.0
5338,5338,8/3/2022,2022-P55 ,654,0.2,0.3,0.3605551275463989
5341,5341,8/3/2022,2022-P55 ,654,0.1,0.2,0.223606797749979
5401,5401,8/17/2022,2022-Q15 ,654,0.0,0.0,0.0
5404,5404,8/17/2022,2022-Q15 ,654,0.0,0.0,0.0
5407,5407,8/17/2022,2022-Q15 ,654,0.1,0.1,0.1414213562373095
5410,5410,8/17/2022,2022-Q15 ,654,0.1,0.0,0.1
5413,5413,8/18/2022,2022-Q20 ,654,0.2,0.1,0.223606797749979
5416,5416,8/18/2022,2022-Q20 ,654,0.2,0.1,0.223606797749979
5419,5419,8/18/2022,2022-Q20 ,654,0.3,0.1,0.3162277660168379
5427,5427,8/18/2022,2022-Q20 ,654,0.1,0.1,0.1414213562373095
5442,5442,8/18/2022,2022-Q23 ,654,0.4,0.0,0.4
5445,5445,8/18/2022,2022-Q23 ,654,0.4,0.1,0.4123105625617661
5448,5448,8/18/2022,2022-Q23 ,654,0.0,0.1,0.1
5450,5450,8/18/2022,2022-Q23 ,654,0.1,0.1,0.1414213562373095
5453,5453,8/18/2022,2022-Q24 ,654,0.0,0.0,0.0
5456,5456,8/18/2022,2022-Q24 ,654,0.1,0.2,0.223606797749979
5459,5459,8/18/2022,2022-Q24 ,654,0.1,0.3,0.3162277660168379
5462,5462,8/18/2022,2022-Q24 ,654,0.0,0.0,0.0
5479,5479,8/20/2022,2022-Q36 ,654,0.1,0.3,0.3162277660168379
5482,5482,8/20/2022,2022-Q36 ,654,0.1,0.2,0.223606797749979
5485,5485,8/20/2022,2022-Q36 ,654,0.2,0.2,0.282842712474619
5503,5503,8/20/2022,2022-Q37 ,654,0.1,0.1,0.1414213562373095
5506,5506,8/20/2022,2022-Q37 ,654,0.0,0.1,0.1
5509,5509,8/20/2022,2022-Q37 ,654,0.0,0.3,0.3
5512,5512,8/20/2022,2022-Q37 ,654,0.0,0.1,0.1
5527,5527,8/21/2022,2022-Q40 ,654,0.2,0.3,0.3605551275463989
5530,5530,8/21/2022,2022-Q40 ,654,0.3,0.1,0.3162277660168379
5533,5533,8/21/2022,2022-Q40 ,654,0.1,0.1,0.1414213562373095
5536,5536,8/21/2022,2022-Q40 ,654,0.1,0.0,0.1
5559,5559,8/21/2022,2022-Q43 ,654,0.0,0.0,0.0
5562,5562,8/21/2022,2022-Q43 ,654,0.1,0.0,0.1
5565,5565,8/21/2022,2022-Q43 ,654,0.2,0.1,0.223606797749979
5568,5568,8/21/2022,2022-Q43 ,654,0.2,0.1,0.223606797749979
5575,5575,8/21/2022,2022-Q47 ,654,0.2,0.7,0.7280109889280517
5578,5578,8/21/2022,2022-Q47 ,654,0.0,0.0,0.0
5580,5580,8/21/2022,2022-Q47 ,654,0.1,0.1,0.1414213562373095
5581,5581,8/21/2022,2022-Q47 ,654,0.1,0.1,0.1414213562373095
5583,5583,8/21/2022,2022-Q47 ,654,0.1,0.1,0.1414213562373095
5584,5584,8/21/2022,2022-Q47 ,654,0.0,0.3,0.3
5586,5586,8/21/2022,2022-Q47 ,654,0.1,0.1,0.1414213562373095
5599,5599,8/21/2022,2022-Q50 ,654,0.0,0.1,0.1
5602,5602,8/21/2022,2022-Q50 ,654,0.0,0.1,0.1
5605,5605,8/21/2022,2022-Q50 ,654,0.0,0.0,0.0
5608,5608,8/21/2022,2022-Q50 ,654,0.1,0.2,0.223606797749979
5612,5612,8/22/2022,2022-Q51 ,654,0.1,0.0,0.1
5624,5624,8/22/2022,2022-Q51 ,654,0.1,0.0,0.1
5627,5627,8/22/2022,2022-Q51 ,654,0.1,0.1,0.1414213562373095
5653,5653,8/22/2022,2022-Q52 ,654,0.3,0.0,0.3
5655,5655,8/22/2022,2022-Q52 ,654,0.2,0.1,0.223606797749979
5658,5658,8/22/2022,2022-Q52 ,654,0.2,0.1,0.223606797749979
5676,5676,8/22/2022,2022-Q62 ,654,0.1,0.1,0.1414213562373095
5679,5679,8/22/2022,2022-Q62 ,654,0.1,0.3,0.3162277660168379
5682,5682,8/22/2022,2022-Q62 ,654,0.7,0.1,0.7071067811865475
5685,5685,8/22/2022,2022-Q62 ,654,0.1,0.3,0.3162277660168379
5695,5695,8/22/2022,2022-Q63 ,654,0.0,0.0,0.0
5713,5713,8/22/2022,2022-Q63 ,654,0.0,0.1,0.1
5716,5716,8/22/2022,2022-Q63 ,654,0.0,0.1,0.1
5729,5729,8/22/2022,2022-Q63 ,654,0.2,0.0,0.2
5732,5732,8/22/2022,2022-Q63 ,654,0.2,0.1,0.223606797749979
5735,5735,8/22/2022,2022-Q63 ,654,0.2,0.1,0.223606797749979
5738,5738,8/22/2022,2022-Q63 ,654,0.1,0.1,0.1414213562373095
5744,5744,8/23/2022,2022-Q88 ,654,0.3,0.1,0.3162277660168379
5747,5747,8/23/2022,2022-Q88 ,654,0.3,0.1,0.3162277660168379
5750,5750,8/23/2022,2022-Q88 ,654,0.2,0.1,0.223606797749979
5753,5753,8/23/2022,2022-Q88 ,654,0.0,0.1,0.1
5756,5756,8/23/2022,2022-Q88 ,654,0.7,0.1,0.7071067811865475
5759,5759,8/23/2022,2022-Q88 ,654,0.4,0.2,0.447213595499958
5770,5770,8/23/2022,2022-Q92 ,654,0.3,0.1,0.3162277660168379
5773,5773,8/23/2022,2022-Q92 ,654,0.4,0.0,0.4
5776,5776,8/23/2022,2022-Q92 ,654,0.1,0.0,0.1
5779,5779,8/23/2022,2022-Q92 ,654,0.2,0.0,0.2
5784,5784,8/23/2022,2022-Q101,654,0.1,0.0,0.1
5787,5787,8/23/2022,2022-Q101,654,0.1,0.0,0.1
5790,5790,8/23/2022,2022-Q101,654,0.1,0.1,0.1414213562373095
5793,5793,8/23/2022,2022-Q101,654,0.2,0.1,0.223606797749979
5807,5807,8/23/2022,2022-Q101,654,0.5,0.7,0.8602325267042626
5810,5810,8/23/2022,2022-Q101,654,0.1,0.0,0.1
5828,5828,8/24/2022,2022-Q106,654,0.1,0.1,0.1414213562373095
5831,5831,8/24/2022,2022-Q106,654,0.1,0.1,0.1414213562373095
5834,5834,8/24/2022,2022-Q106,654,0.2,0.1,0.223606797749979
5837,5837,8/24/2022,2022-Q106,654,0.1,0.2,0.223606797749979
5840,5840,8/24/2022,2022-Q106,654,0.0,0.1,0.1
5843,5843,8/24/2022,2022-Q106,654,0.1,0.1,0.1414213562373095
5859,5859,8/24/2022,2022-Q108,654,0.1,0.2,0.223606797749979
5862,5862,8/24/2022,2022-Q108,654,0.0,0.1,0.1
5865,5865,8/24/2022,2022-Q108,654,0.1,0.2,0.223606797749979
5896,5896,8/24/2022,2022-Q110,654,0.1,0.1,0.1414213562373095
5899,5899,8/24/2022,2022-Q110,654,0.1,0.1,0.1414213562373095
5921,5921,8/26/2022,2022-Q133,654,0.3,0.5,0.58309518948453
5924,5924,8/26/2022,2022-Q133,654,0.1,0.1,0.1414213562373095
5927,5927,8/26/2022,2022-Q133,654,0.1,0.1,0.1414213562373095
5930,5930,8/26/2022,2022-Q133,654,0.0,0.4,0.4
5973,5973,8/26/2022,2022-Q134,654,0.0,0.0,0.0
5976,5976,8/26/2022,2022-Q134,654,0.1,0.0,0.1
5979,5979,8/26/2022,2022-Q134,654,0.2,0.1,0.223606797749979
5982,5982,8/27/2022,2022-Q135,654,0.2,0.0,0.2
5985,5985,8/27/2022,2022-Q135,654,0.1,0.1,0.1414213562373095
5988,5988,8/27/2022,2022-Q135,654,0.0,0.1,0.1
6026,6026,8/27/2022,2022-Q136,654,0.1,0.1,0.1414213562373095
6034,6034,8/27/2022,2022-Q136,654,0.1,0.1,0.1414213562373095
6037,6037,8/27/2022,2022-Q136,654,0.1,0.0,0.1
6040,6040,8/27/2022,2022-Q136,654,0.1,0.1,0.1414213562373095
6043,6043,8/27/2022,2022-Q136,654,0.2,0.0,0.2
6046,6046,8/27/2022,2022-Q136,654,0.0,0.0,0.0
6052,6052,8/27/2022,2022-Q140,654,0.0,0.2,0.2
6055,6055,8/27/2022,2022-Q140,654,0.0,0.2,0.2
6058,6058,8/27/2022,2022-Q140,654,0.1,0.2,0.223606797749979
6083,6083,8/28/2022,2022-Q148,654,0.0,0.2,0.2
6086,6086,8/28/2022,2022-Q148,654,0.0,0.1,0.1
6089,6089,8/28/2022,2022-Q148,654,0.0,0.2,0.2
6092,6092,8/28/2022,2022-Q148,654,0.0,0.1,0.1
6127,6127,8/28/2022,2022-Q150,654,0.0,0.1,0.1
6130,6130,8/28/2022,2022-Q150,654,0.1,0.0,0.1
6133,6133,8/28/2022,2022-Q150,654,0.0,0.1,0.1
6140,6140,8/30/2022,2022-Q183,654,0.7,0.2,0.7280109889280517
6157,6157,8/30/2022,2022-Q183,654,0.5,0.1,0.5099019513592785
6175,6175,8/30/2022,2022-Q190,654,0.1,0.3,0.3162277660168379
6178,6178,8/30/2022,2022-Q190,654,0.1,0.2,0.223606797749979
6181,6181,8/30/2022,2022-Q190,654,0.0,0.0,0.0
6184,6184,8/30/2022,2022-Q190,654,0.0,0.0,0.0
6218,6218,8/30/2022,2022-Q194,654,0.2,0.1,0.223606797749979
6221,6221,8/30/2022,2022-Q194,654,0.1,0.3,0.3162277660168379
6224,6224,8/30/2022,2022-Q194,654,0.1,0.1,0.1414213562373095
6241,6241,8/30/2022,2022-Q194,654,0.0,0.1,0.1
6244,6244,8/30/2022,2022-Q194,654,0.1,0.2,0.223606797749979
6247,6247,8/30/2022,2022-Q194,654,0.2,0.1,0.223606797749979
6253,6253,8/30/2022,2022-Q195,654,0.9,0.4,0.9848857801796104
6256,6256,8/30/2022,2022-Q195,654,0.8,0.2,0.8246211251235323
6259,6259,8/30/2022,2022-Q195,654,0.7,0.2,0.7280109889280517
6262,6262,8/30/2022,2022-Q195,654,0.5,0.3,0.58309518948453
6265,6265,8/30/2022,2022-Q195,654,0.3,0.0,0.3
6268,6268,8/30/2022,2022-Q195,654,0.2,0.1,0.223606797749979
6273,6273,9/2/2022,2022-R23 ,654,0.2,0.1,0.223606797749979
6276,6276,9/2/2022,2022-R23 ,654,0.2,0.1,0.223606797749979
6279,6279,9/2/2022,2022-R23 ,654,0.0,0.1,0.1
6295,6295,9/2/2022,2022-R23 ,654,0.2,0.1,0.223606797749979
6298,6298,9/2/2022,2022-R24 ,654,0.1,0.0,0.1
6301,6301,9/2/2022,2022-R24 ,654,0.0,0.1,0.1
6304,6304,9/2/2022,2022-R24 ,654,0.1,0.0,0.1
6328,6328,9/2/2022,2022-R32 ,654,0.1,0.2,0.223606797749979
6331,6331,9/2/2022,2022-R32 ,654,0.1,0.0,0.1
6334,6334,9/2/2022,2022-R32 ,654,0.1,0.0,0.1
6337,6337,9/2/2022,2022-R32 ,654,0.1,0.0,0.1
6386,6386,9/3/2022,2022-R57 ,654,0.2,0.0,0.2
6389,6389,9/3/2022,2022-R57 ,654,0.1,0.0,0.1
6392,6392,9/3/2022,2022-R57 ,654,0.2,0.0,0.2
6404,6404,9/3/2022,2022-R58 ,654,0.0,0.2,0.2
6407,6407,9/3/2022,2022-R58 ,654,0.0,0.2,0.2
6410,6410,9/3/2022,2022-R58 ,654,0.0,0.0,0.0
6413,6413,9/3/2022,2022-R58 ,654,0.0,0.0,0.0
6426,6426,9/4/2022,2022-R75 ,654,0.3,0.0,0.3
6429,6429,9/4/2022,2022-R75 ,654,0.2,0.0,0.2
6450,6450,9/4/2022,2022-R76 ,654,0.0,0.0,0.0
6453,6453,9/4/2022,2022-R76 ,654,0.0,0.0,0.0
6456,6456,9/4/2022,2022-R76 ,654,0.0,0.1,0.1
6459,6459,9/5/2022,2022-R82 ,654,0.3,0.1,0.3162277660168379
6465,6465,9/5/2022,2022-R82 ,654,0.0,0.1,0.1
6488,6488,9/5/2022,2022-R82 ,654,0.1,0.0,0.1
6492,6492,9/17/2022,2022-S05 ,654,0.0,0.0,0.0
6495,6495,9/17/2022,2022-S05 ,654,0.1,0.0,0.1
6513,6513,9/17/2022,2022-S05 ,654,0.1,0.1,0.1414213562373095
6597,6597,9/17/2022,2022-S09 ,654,0.0,0.0,0.0
6600,6600,9/17/2022,2022-S09 ,654,0.0,0.1,0.1
6603,6603,9/17/2022,2022-S09 ,654,0.1,0.1,0.1414213562373095
6606,6606,9/17/2022,2022-S09 ,654,0.2,0.1,0.223606797749979
6632,6632,9/17/2022,2022-S14 ,654,0.2,0.0,0.2
6635,6635,9/17/2022,2022-S14 ,654,0.1,0.0,0.1
6638,6638,9/17/2022,2022-S14 ,654,0.3,0.0,0.3
6641,6641,9/17/2022,2022-S14 ,654,0.3,0.0,0.3
6672,6672,9/18/2022,2022-S25 ,654,0.2,0.2,0.282842712474619
6675,6675,9/18/2022,2022-S25 ,654,0.1,0.2,0.223606797749979
6702,6702,9/20/2022,2022-S97 ,654,0.1,0.0,0.1
6705,6705,9/20/2022,2022-S97 ,654,0.0,0.0,0.0
6708,6708,9/20/2022,2022-S97 ,654,0.1,0.0,0.1
6724,6724,9/20/2022,2022-S98 ,654,0.1,0.0,0.1
6738,6738,9/20/2022,2022-S98 ,654,0.0,0.0,0.0
6741,6741,9/20/2022,2022-S98 ,654,0.1,0.2,0.223606797749979
6743,6743,9/20/2022,2022-S98 ,654,0.1,0.1,0.1414213562373095
6755,6755,9/24/2022,2022-S215,654,0.1,0.0,0.1
6758,6758,9/24/2022,2022-S215,654,0.2,0.1,0.223606797749979
6770,6770,9/24/2022,2022-S215,654,0.2,0.0,0.2
6782,6782,9/25/2022,2022-S221,654,0.4,0.1,0.4123105625617661
6785,6785,9/25/2022,2022-S221,654,0.1,0.1,0.1414213562373095
6788,6788,9/25/2022,2022-S221,654,0.1,0.1,0.1414213562373095
6794,6794,9/25/2022,2022-S236,654,0.0,0.1,0.1
6797,6797,9/25/2022,2022-S236,654,0.1,0.0,0.1
6800,6800,9/25/2022,2022-S236,654,0.0,0.0,0.0
6803,6803,9/25/2022,2022-S236,654,0.0,0.1,0.1
6806,6806,9/25/2022,2022-S236,654,0.0,0.0,0.0
6809,6809,9/25/2022,2022-S236,654,0.2,0.2,0.282842712474619
6815,6815,9/26/2022,2022-S247,654,0.1,0.0,0.1
6818,6818,9/26/2022,2022-S247,654,0.0,0.1,0.1
6821,6821,9/26/2022,2022-S247,654,0.1,0.0,0.1
6844,6844,9/27/2022,2022-S274,654,0.1,0.0,0.1
6847,6847,9/27/2022,2022-S274,654,0.1,0.1,0.1414213562373095
6880,6880,9/27/2022,2022-S294,654,0.1,0.1,0.1414213562373095
6883,6883,9/27/2022,2022-S294,654,0.0,0.0,0.0
6886,6886,9/27/2022,2022-S294,654,0.1,0.0,0.1
6901,6901,9/29/2022,2022-S332,654,0.1,0.0,0.1
6904,6904,9/29/2022,2022-S332,654,0.0,0.0,0.0
6907,6907,9/29/2022,2022-S332,654,0.1,0.0,0.1
6922,6922,9/29/2022,2022-S340,654,0.1,0.0,0.1
6925,6925,9/29/2022,2022-S340,654,0.1,0.1,0.1414213562373095
6928,6928,9/29/2022,2022-S340,654,0.1,0.1,0.1414213562373095
6954,6954,9/29/2022,2022-S355,654,0.0,0.0,0.0
6957,6957,9/29/2022,2022-S355,654,0.1,0.0,0.1
6980,6980,9/29/2022,2022-S355,654,0.1,0.0,0.1
6983,6983,9/29/2022,2022-S358,654,0.0,0.3,0.3
7006,7006,9/29/2022,2022-S358,654,0.1,0.3,0.3162277660168379
7008,7008,9/29/2022,2022-S358,654,0.0,0.3,0.3
7022,7022,10/3/2022,2022-T34 ,654,0.1,0.2,0.223606797749979
7025,7025,10/3/2022,2022-T34 ,654,0.1,0.0,0.1
7028,7028,10/3/2022,2022-T34 ,654,0.2,0.0,0.2
7037,7037,10/3/2022,2022-T34 ,654,0.0,0.0,0.0
7046,7046,10/3/2022,2022-T35 ,654,0.2,0.0,0.2
7052,7052,10/3/2022,2022-T35 ,654,0.0,0.1,0.1
7055,7055,10/3/2022,2022-T35 ,654,0.1,0.1,0.1414213562373095
7064,7064,10/3/2022,2022-T42 ,654,0.2,0.1,0.223606797749979
7078,7078,10/3/2022,2022-T42 ,654,0.1,0.0,0.1
7081,7081,10/3/2022,2022-T42 ,654,0.1,0.0,0.1
7087,7087,10/4/2022,2022-T51 ,654,0.2,0.2,0.282842712474619
7090,7090,10/4/2022,2022-T51 ,654,0.3,0.3,0.4242640687119285
7093,7093,10/4/2022,2022-T51 ,654,0.2,0.3,0.3605551275463989
7114,7114,10/4/2022,2022-T53 ,654,0.0,0.3,0.3
7117,7117,10/4/2022,2022-T53 ,654,0.0,0.1,0.1
7120,7120,10/4/2022,2022-T53 ,654,0.1,0.2,0.223606797749979
7160,7160,10/4/2022,2022-T67 ,654,0.0,0.1,0.1
7163,7163,10/4/2022,2022-T67 ,654,0.0,0.1,0.1
7166,7166,10/4/2022,2022-T67 ,654,0.0,0.0,0.0
7169,7169,10/4/2022,2022-T67 ,654,0.0,0.1,0.1
7198,7198,10/5/2022,2022-T81 ,654,0.1,0.0,0.1
7201,7201,10/5/2022,2022-T81 ,654,0.0,0.0,0.0
7204,7204,10/5/2022,2022-T81 ,654,0.1,0.1,0.1414213562373095
7208,7208,10/5/2022,2022-T85 ,654,0.1,0.0,0.1
7211,7211,10/5/2022,2022-T85 ,654,0.0,0.2,0.2
7224,7224,10/5/2022,2022-T85 ,654,0.0,0.0,0.0
7235,7235,10/7/2022,2022-T104,654,0.0,0.0,0.0
7238,7238,10/7/2022,2022-T104,654,0.0,0.0,0.0
7241,7241,10/7/2022,2022-T104,654,0.1,0.0,0.1
7244,7244,10/7/2022,2022-T104,654,0.0,0.0,0.0
7302,7302,10/17/2022,2022-U14 ,654,0.1,0.0,0.1
7323,7323,10/17/2022,2022-U14 ,654,0.0,0.0,0.0
7326,7326,10/17/2022,2022-U14 ,654,0.0,0.0,0.0
7347,7347,10/17/2022,2022-U21 ,654,0.0,0.0,0.0
7350,7350,10/17/2022,2022-U21 ,654,0.1,0.1,0.1414213562373095
7353,7353,10/17/2022,2022-U21 ,654,0.1,0.0,0.1
7358,7358,10/17/2022,2022-U21 ,654,0.1,0.0,0.1
7367,7367,10/18/2022,2022-U25 ,654,0.1,0.0,0.1
7370,7370,10/18/2022,2022-U25 ,654,0.1,0.0,0.1
7373,7373,10/18/2022,2022-U25 ,654,0.1,0.0,0.1
7376,7376,10/18/2022,2022-U25 ,654,0.1,0.0,0.1
7424,7424,10/18/2022,2022-U32 ,654,0.1,0.0,0.1
7427,7427,10/18/2022,2022-U32 ,654,0.1,0.0,0.1
7430,7430,10/18/2022,2022-U32 ,654,0.1,0.1,0.1414213562373095
7459,7459,10/18/2022,2022-U33 ,654,0.3,0.0,0.3
7462,7462,10/18/2022,2022-U33 ,654,0.2,0.0,0.2
7471,7471,10/18/2022,2022-U33 ,654,0.1,0.0,0.1
7487,7487,10/19/2022,2022-U73 ,654,0.0,0.2,0.2
7493,7493,10/19/2022,2022-U73 ,654,0.0,0.2,0.2
7499,7499,10/19/2022,2022-U73 ,654,0.1,0.3,0.3162277660168379
7510,7510,10/20/2022,2022-U80 ,654,0.1,0.2,0.223606797749979
7527,7527,10/20/2022,2022-U80 ,654,0.0,0.2,0.2
7530,7530,10/20/2022,2022-U80 ,654,0.1,0.2,0.223606797749979
7534,7534,10/20/2022,2022-U96 ,654,0.1,0.1,0.1414213562373095
7548,7548,10/20/2022,2022-U96 ,654,0.0,0.1,0.1
7551,7551,10/20/2022,2022-U96 ,654,0.0,0.0,0.0
7566,7566,10/20/2022,2022-U98 ,654,0.0,0.1,0.1
7569,7569,10/20/2022,2022-U98 ,654,0.1,0.0,0.1
7572,7572,10/20/2022,2022-U98 ,654,0.0,0.0,0.0
7589,7589,10/20/2022,2022-U101,654,0.1,0.3,0.3162277660168379
7597,7597,10/20/2022,2022-U101,654,0.1,0.2,0.223606797749979
7600,7600,10/20/2022,2022-U101,654,0.1,0.3,0.3162277660168379
7602,7602,10/20/2022,2022-U101,654,0.1,0.2,0.223606797749979
7614,7614,10/20/2022,2022-U126,654,0.0,0.1,0.1
7617,7617,10/20/2022,2022-U126,654,0.1,0.1,0.1414213562373095
7620,7620,10/20/2022,2022-U126,654,0.0,0.1,0.1
7625,7625,10/22/2022,2022-U204,654,0.1,0.1,0.1414213562373095
7642,7642,10/22/2022,2022-U204,654,0.0,0.1,0.1
7645,7645,10/22/2022,2022-U204,654,0.0,0.1,0.1
7652,7652,10/25/2022,2022-U250,654,0.0,0.0,0.0
7655,7655,10/25/2022,2022-U250,654,0.0,0.1,0.1
7658,7658,10/25/2022,2022-U250,654,0.0,0.0,0.0
7661,7661,10/25/2022,2022-U250,654,0.1,0.0,0.1
7686,7686,10/26/2022,2022-U280,654,0.0,0.1,0.1
7689,7689,10/26/2022,2022-U280,654,0.0,0.1,0.1
7692,7692,10/26/2022,2022-U280,654,0.0,0.2,0.2
7698,7698,10/27/2022,2022-U290,654,0.0,0.1,0.1
7701,7701,10/27/2022,2022-U290,654,0.1,0.1,0.1414213562373095
7717,7717,10/27/2022,2022-U290,654,0.0,0.3,0.3
7723,7723,10/29/2022,2022-U348,654,0.0,0.1,0.1
7726,7726,10/29/2022,2022-U348,654,0.1,0.2,0.223606797749979
7743,7743,10/29/2022,2022-U348,654,0.1,0.1,0.1414213562373095
